tweet_id,createdAt,lang,username,author_name,views,likes,reposts,replies,url,text
2095355612196671657,2026-09-03T03:38:02.000Z,ja,HighLifeat420,High Life 420 🌿,2393,12,1,1,https://x.com/HighLifeat420/status/2095355612196671657,手頃な価格で素晴らしいリキッドを提供し続けてくださるだけで、それだけで十分感謝しています！😊  @hempking_info   https://hempking-online.com/collections/liquid  #cbx #cbd #cbg #hhbd #crdb #crdp #h4cbd #h4cbh #tha https://x.com/HighLifeat420/status/
2095300362265825563,2026-09-02T23:58:29.000Z,ja,Th666Cluster,たいん隊長(本垢),753,2,1,0,https://x.com/Th666Cluster/status/2095300362265825563,【Japanese chill】さんがついに‼️念願の僕のインフルエンサー活動の協賛店舗になって頂きましたー👏👏❤️‍🔥 『Braincrash』リキッドも当然、間違い無いです🌳💕 僕はこれからもっとJapanese chillさんの凄さが世間に広がるべきなので僕が広めます🌳💕 #THA #H4CBH #HHBD #THAH #CRDP #CBX #CRDB #CBD #CBG #テルペン  @J
2095277716627214776,2026-09-02T22:28:30.000Z,ja,1010sShop,CANNABINOID SHOP 1010s,1045,26,9,1,https://x.com/1010sShop/status/2095277716627214776,おはようございます🔆 本日も宜しくお願い致します 18時迄のご注文は即日発送🚚  CBX製品はDM迄お問い合わせ下さい。  ※お支払いは、銀行振込orペイペイ送金  ●CBX10%サワーディーゼル  ●CBX40%パーマネントマーカー  オススメはお得用リキッド2種セットです♫ https://x.com/1010sShop/status/2095277716627214776/photo/1
2095003871886381294,2026-09-02T04:20:21.000Z,ja,kairakukarami45,絡盛関快楽,393,0,0,0,https://x.com/kairakukarami45/status/2095003871886381294,酒でいちいち制限かけてカロリー摂取するという思考に中々至らん  シナジー狙って飲酒なら分かるけどCBXリキッドで完結してしまうから手が出ない
2094991618797687265,2026-09-02T03:31:39.000Z,ja,hempking_info,【HEMPKING】CBDリキッド/原料販売中,1024,7,2,0,https://x.com/hempking_info/status/2094991618797687265,CBXを使用した極王リキッド、Amazonからもご購入できます🦁 https://amzn.asia/d/0c1WUGFs
2094990927882510824,2026-09-02T03:28:54.000Z,ja,hempking_info,【HEMPKING】CBDリキッド/原料販売中,3550,26,2,2,https://x.com/hempking_info/status/2094990927882510824,まだシャバシャバのリキッドが普通に売られてるんですね💦  見た目の色もかなり違いますし、粘度を見るだけでも中身の印象は結構変わります。  CBX系は比較的ゆるめではありますが、 油みたいにサラサラというわけではありません🔥  #HEMPKING
2094925480759869796,2026-09-01T23:08:51.000Z,ja,1010sShop,CANNABINOID SHOP 1010s,4642,20,10,0,https://x.com/1010sShop/status/2094925480759869796,おはようございます🔆 本日も宜しくお願い致します 18時迄のご注文は即日発送🚚  毎日、沢山のお問い合わせありがとうございます✉️  CBX製品はDM迄お問い合わせ下さい。リピーター様用特別価格中  ●CBX10%サワーディーゼル  ●CBX40%パーマネントマーカー  オススメはお得用リキッド2種セットです♫ https://x.com/1010sShop/status/209492548075
2094819856097169740,2026-09-01T16:09:08.000Z,ja,HighLifeat420,High Life 420 🌿,4940,48,17,8,https://x.com/HighLifeat420/status/2094819856097169740,🚨さて、いよいよ公開します。🚨  いつも私の投稿を見てくださっている皆さん、以前お話しした通り、リストを作っていました。  ということで、こちらがそのリストです！  いつも私の意見に耳を傾けてくださってありがとうございます🙏🏻  ただ、これはあくまで私個人の、かなり偏った（いや、かなりかなり偏った😂）チョイスなので、その点はご了承ください。  それと、企業の経営者や所有者は変わることもあります。 
2094743034986656193,2026-09-01T11:03:52.000Z,ja,beHIGHnd_CBD38,beHIGHnd,17247,47,14,1,https://x.com/beHIGHnd_CBD38/status/2094743034986656193,📣🉐beHIGHnd祭第二弾のご案内🉐📣  ✅9月3日 13:00〜  ✅CBX 88%リキッド  ✅CBX×H4CBH リキッド  今回は売り尽くしSALEですので、在庫がなくなり次第終了となります🐈‍⬛  今回はH4CBH 57%も少し値下げして同時SALEをします🐾🌳 57%はこれをもって販売終了しますので、お見逃しないようお願いいたします🉐
2094710169393607043,2026-09-01T08:53:16.000Z,ja,CHILLAXY_azabu1,CHILLAXY麻布店チラクシー,859,5,1,1,https://x.com/CHILLAXY_azabu1/status/2094710169393607043,9月になり涼しいですね🍂🍃  夏よりレイブ🔊パーティ🎈など 実はイベントも盛り沢山です🤟🏻💫  野外ではジョイント🌿室内はリキッド🍯 色々使い分けてみてください😎✨️  日本国内であれば安心してご利用できます⭕️  #CBX #CBD #CRD #THAH #HHBD #H4CBH  #東京 #港区女子 #麻布十番 #六本木 #赤坂 https://x.com/CHILLAXY_azabu1/st
2094676062395621797,2026-09-01T06:37:45.000Z,ja,AlecsEstudantil,にこちゃん,14620,74,11,2,https://x.com/AlecsEstudantil/status/2094676062395621797,強体感求めてる方は高濃度のCBX80% がおすすめです！！ 　 現在1番体感いい成分です🙌 80%で強すぎる方は50%がおすすめです！  時期にさらに低濃度で扱いやすい CBXリキッド、やCBXハーブも発売予定控えてますのでお楽しみに✨
2094663348134842640,2026-09-01T05:47:13.000Z,ja,CHILLAXY_azabu1,CHILLAXY麻布店チラクシー,680,3,0,1,https://x.com/CHILLAXY_azabu1/status/2094663348134842640,夏の終わりが近づいてます🏖🌤️️ 少し涼しい方が野外で楽しめそう🏕  是非そんなときのHHBDジョイント🌿 自然の中でもくもく焚きたいです🔥  コスパ重視のリキッドも🍯✨️ #CBD #CBG #THAH #H4CBH #CRD #東京  #ベイプ #シーシャ #六本木 #港区女子 #麻布十番 #CBX #銀座 #三田 #赤坂 #サウナ前に https://x.com/CHILLAXY_azabu
2094635916027654171,2026-09-01T03:58:13.000Z,ja,1010sShop,CANNABINOID SHOP 1010s,868,22,5,0,https://x.com/1010sShop/status/2094635916027654171,18時迄のご注文は即日発送🚚  CBX製品はDM迄お問い合わせ下さい。リピーター様用特別価格✉️  ●CBX10%サワーディーゼル  ●CBX40%パーマネントマーカー  オススメはお得用リキッド2種セットです♫ https://x.com/1010sShop/status/2094635916027654171/photo/1
2094342137244737842,2026-08-31T08:30:51.000Z,ja,CHILLAXY_azabu1,CHILLAXY麻布店チラクシー,745,3,0,0,https://x.com/CHILLAXY_azabu1/status/2094342137244737842,今日は8月31日、#野菜の日 🥦✨  野菜の日にジョイント🌿を楽しまないなんて ちょっと勿体無いかも…👀🔥  リキッド🍯 エディブル🍪も在庫あります！ 組み合わせて楽しむのもおすすめ✨  8月最後もCHILLAXYで楽しみましょう😎  #CBD #CBG #CBX #CRD https://x.com/CHILLAXY_azabu1/status/2094342137244737842/photo
2094304527424053642,2026-08-31T06:01:24.000Z,ja,GOODCHILL_mito2,🍯GOODCHILL(グッドチル)水戸店🌿,649,1,0,0,https://x.com/GOODCHILL_mito2/status/2094304527424053642,GOODCHILL水戸店オープン❣️ 23時まで営業中🈺  💥CBX配合💥リキッド🍯 残り少なくなって来ました🙌💦  想像以上のエフェクトで話題の1本です🔥 後から更にブーストがかかるので吸いすぎにはご注意ください⚠️  CRDオイル使用なので雑味が無く、とても良い味わいになっています👍 https://x.com/GOODCHILL_mito2/status/209430452742405364
2094213970425250147,2026-08-31T00:01:33.000Z,ja,Th666Cluster,たいん隊長(本垢),878,13,7,0,https://x.com/Th666Cluster/status/2094213970425250147,【パピヨン・サイエンス】さんの商品がこんな安く手に入る今が試し時だと思うよー‼️ 高価なリキッドはクーポンやキャンペーン中に攻めるべし‼️ #CBD #CBG #h4cbh #CRDP #HHBD #CBX #THA @PapillonSci @PapillonSci01
2094191851175911766,2026-08-30T22:33:40.000Z,ja,cannacanna88888,canna canna,442,9,1,0,https://x.com/cannacanna88888/status/2094191851175911766,最近フォローしてくださった方も増えたので、 改めて《BLISS SESSION》の魅力を🙇🌿  これは単なる“リキッド2本セット”ではありません。  主役は、CBX55%を軸にした BLISS — 上品に過剰な多幸感。  そこに、ヘッド寄りのキャラクターを狙った **CRDB70%**を組み合わせました。  同じ夜でも、 「今日はBLISS。」 「もう少しシャープにCRDB70。」 その日の気分で
2094034793315131491,2026-08-30T12:09:34.000Z,ja,CHILLAXY_azabu1,CHILLAXY麻布店チラクシー,619,2,1,0,https://x.com/CHILLAXY_azabu1/status/2094034793315131491,#CBG 好きな方も多いかと思いますが エディブルシリーズで新しく入荷しています🆕  アクティブに過ごしたい場面や 集中して作業を進めたい場面など❕  オレンジの香りが楽しめるチョコブラウニー🍊 同じく柑橘系で #CBX 配合の新リキッド🍋SUPER LEMON HAZE🍋 どちらもサティバ系で相性も良いかも⁉️ https://x.com/CHILLAXY_azabu1/status/20940
2093967025484054988,2026-08-30T07:40:17.000Z,ja,Land_attack,🌻⚫️🌻,4904,17,1,0,https://x.com/Land_attack/status/2093967025484054988,CBXとHHBDとH4CBHを合わせるなら✨  自分は高濃度でも、中濃度でも低濃度でも楽しめるけど。  尚更CBX初めての方は💡 いやCBXだけでなくサイコ慣れしてないか方は！  15%以下くらいでも充分な筈だからゆっくりいろいろ試してほしいかな‼️  低濃度だけでは物足りない時もあるし、 高濃度ばかりだと疲れるし、 安定してるのは50%前後のサイコの配合が感想とかは抜きにすると大好きな体感⭐️ 
2093921027634212922,2026-08-30T04:37:30.000Z,ja,cbd_hemp_field,CBD SHOP HEMP FIELD 東京 吉祥寺・渋谷,417,8,2,0,https://x.com/cbd_hemp_field/status/2093921027634212922,"本日より全店でHOLY HEMPの新商品発売しました🌿  HOLY HEMP,CBX 50％,CBD 20%, CBG 20%,NYC Diesel,1.0ml,CBX,ベイプ,リキッド,カートリッ – CBD SHOP HEMP FIELD https://cbdhempfield.myshopify.com/products/holy-hemp-cbx-50-cbd-20-cbg-20-nyc"
2093878961361301726,2026-08-30T01:50:21.000Z,ja,CHILLAXY_azabu1,CHILLAXY麻布店チラクシー,746,3,1,0,https://x.com/CHILLAXY_azabu1/status/2093878961361301726,おはようございます☀️ 本日も10:00〜23:00営業中です🛍️  商品も増えて、ご来店いただくだけでも 楽しめるラインナップに👀  リキッド🍯 ジョイント🌿 エディブル🍪も ご用意してます🔥  休日はCHILLAXYでまったり過ごすのも🙆‍♀️ 気になる方はぜひお立ち寄りください🦉  #CBD #CBG #CRD #CBX https://x.com/CHILLAXY_azabu1/statu
2093878263231967373,2026-08-30T01:47:34.000Z,ja,1010sShop,CANNABINOID SHOP 1010s,708,16,4,0,https://x.com/1010sShop/status/2093878263231967373,おはようございます🔆 週末も営業中🎐  CBX製品のDM販始めました✉️  ご新規様は定価ですが、次回からはリピーター様特別価格でのご案内になります  オススメはお得用なリキッド2種セットです♫  お問い合わせはDM迄✉️ https://x.com/1010sShop/status/2093878263231967373/photo/1
2093838078914056456,2026-08-29T23:07:54.000Z,ja,HoneyDripLab,Honey Drip Lab【ハニドリ】,835,7,5,0,https://x.com/HoneyDripLab/status/2093838078914056456,"▼▼（Chocolate Drip リキッド）  ▶︎0.5ml ¥3,500 / 1ml ¥6,000  ハイブリッドの体感をしっかり感じながら抜けも良く、ドバイチョコテルペンが良い味出してますよ…🍫 朝から夜まで どの時間帯でもオススメ。 ひとり時間にも、友人や大切な人と。  私たちハニドリもこちらの商品にハマりすぎております。本当にハマってる（笑） #H4CBH #HHBD #CBX #ch"
2093669541729722657,2026-08-29T11:58:11.000Z,ja,HighLifeat420,High Life 420 🌿,1723,7,1,0,https://x.com/HighLifeat420/status/2093669541729722657,🚨Honey 🍯 Drip’s 💧 Lab 🥼 の「H4CBH 40% × HHBD 5% × CBX 10%」のレビューです。📣  🧑🏻‍🏫 まだ新しい会社なので、知らない方も多いと思います。そこで、少し会社について紹介させてください。Honey Dripは現在リキッドに力を入れているようです。CBX、H4CBH、HHBDを使用した5種類のリキッドを製造しています。素晴らしいラインナップですね！
2093535661949407357,2026-08-29T03:06:12.000Z,ja,CHILLAXY_azabu1,CHILLAXY麻布店チラクシー,713,3,0,0,https://x.com/CHILLAXY_azabu1/status/2093535661949407357,#CBX 配合の新作サティバ系リキッド🍯 🍋SUPER LEMON HAZE🍋  今日もアクティブに シャキッと駆け抜けましょう💨💨  本日も23時までお待ちしております🍯🌿  #CBD #麻布十番 https://x.com/CHILLAXY_azabu1/status/2093535661949407357/photo/1
2093527159658959019,2026-08-29T02:32:25.000Z,ja,1010sShop,CANNABINOID SHOP 1010s,1708,25,6,1,https://x.com/1010sShop/status/2093527159658959019,こんにちは🔆 週末も営業中🎐  リピーター様向けにCBX製品をDM販始めました✉️  毎日、沢山のお問い合わせありがとうございます  ご新規様は定価ですが、次回からはリピーター様特別価格でのご案内になります  オススメはリキッド2種セットです♫  本日もDMお待ちしております✉️ https://x.com/1010sShop/status/2093527159658959019/photo/1
2093332836954804565,2026-08-28T13:40:15.000Z,ja,l2e1z,Reiz,2542,11,4,2,https://x.com/l2e1z/status/2093332836954804565,@PapillonSci 様よりレビュー🎁で頂いたTHAHリキッドのレビューです。THAH良いですね！CBN規制で終わったかと思いきやCBXにTHAHにとめっちゃ良い成分来てますね😊素敵なリキッドありがとうございました🙏 https://x.com/l2e1z/status/2093332836954804565/photo/1
2093273674824773991,2026-08-28T09:45:09.000Z,ja,dj_sasaking,ささきん,645,11,4,2,https://x.com/dj_sasaking/status/2093273674824773991,@tsct420official 様からレビュー依頼受けまして 着弾しました🚀  こちらも老舗ですね👍 凍結残念です😭  【HYPE VAPE】 【高濃度CBX40%H4CBH40%リキッド】  フルガラスVer.  ありがとうございます🙇💦 この配合気になりますね✨  レビューお待ち下さい‼️ 今後とも宜しくお願い致します🤝 https://x.com/dj_sasaking/status/20
2093271258528120907,2026-08-28T09:35:33.000Z,ja,nima_life0000,にま,10622,46,2,0,https://x.com/nima_life0000/status/2093271258528120907,CBXの体感をまとめました。  自分の場合、前半は多幸感・高揚感が強く、気分が軽く明るくなる感覚。  強く陶酔して動けなくなる感じではなく、会話や思考はある程度保てますが、思考よりも感情が前に出る感覚があります。  ピークは15〜40分。  その後はアクティブ寄りから徐々にリラックス寄りへ移り、後半は眠気やマンチも。  「前半は上がる。後半はゆっくり落ち着く」 「抜け感は良いが、追いすぎると翌日残
2093235346414932240,2026-08-28T07:12:51.000Z,ja,asazawa_kushjp,麻澤 ゆうさく@KUSH JP,2716,18,5,1,https://x.com/asazawa_kushjp/status/2093235346414932240,【新作『LightHigh』販売開始いたしました】  発売初日からたくさんのご注文、本当にありがとうございます！🔥  今回のこだわりは【CBX15%配合】。 重すぎず、日常使いにピタッとハマる極上のレクリエーションリキッドに仕上がっています🌿  平日の夜のリラックスタイム、休日のチルタイムの最高の相棒になること間違いなし！  🎟 15%OFF 特別クーポン配布中（8/31まで） 決済画面でコード【
2092928542182904101,2026-08-27T10:53:43.000Z,ja,SMOKEKINGt2s,SMOKE KING33【公式】🇯🇵,1674,20,3,0,https://x.com/SMOKEKINGt2s/status/2092928542182904101,🎬【YouTube初投稿予定！】  今回はこの商品を実際に紹介しながら、 話題の「CBX」についても分かりやすく解説します👀  「CBXってそもそも何？」 「他の成分と何が違うの？」  気になっていた人はぜひチェックしてください🔥  初投稿なのでちょっと緊張してます😂 感想・質問もぜひリプで！  Amazonで【正規品】新成分 CBX H4CBH リキッド 1ml セール 高濃度 王様向け 510
2092926207805608075,2026-08-27T10:44:27.000Z,ja,Land_attack,🌻⚫️🌻,928,7,0,0,https://x.com/Land_attack/status/2092926207805608075,CBXリキッドの体感はある程度観察できたので‼️  もちろん今後もCBXリキッドやいろいろ狙って行くんだけど！  CBXのWaxやハシシが今後どう攻めてくるのか⁉️  リキッドでは感じない部分をCBX Wax系統で燃やしたら🔥  H4CBHやHHBDもリキッドとはまた違った体感を楽しめたから‼️  新たなリキッドとは別の世界観を演出する Wax特有の体感も感想に交えていきたい_φ(･_･
2092855045486424178,2026-08-27T06:01:40.000Z,ja,GOODCHILL_mito2,🍯GOODCHILL(グッドチル)水戸店🌿,507,4,0,0,https://x.com/GOODCHILL_mito2/status/2092855045486424178,GOODCHILLオープン🎪 生憎の天気ですが23時まで営業中🔥  外の階段など滑りやすくなっているので足元に気をつけてご来店ください🫡  雨チルにぴったりなリキッド CBX配合『スーパーレモンヘイズ🍋』 爽やかな味わいと、押し寄せる多幸感💖  誰もが楽しめる1本です👍 https://x.com/GOODCHILL_mito2/status/2092855045486424178/photo/1
2092839483821699219,2026-08-27T04:59:50.000Z,ja,CHILLAXY_azabu1,CHILLAXY麻布店チラクシー,990,7,2,2,https://x.com/CHILLAXY_azabu1/status/2092839483821699219,"リキッド🍯フィナンシェ🍫 🆕それぞれ新商品入荷しております‼️  #CBX 【SUPER LEMON HAZE🍋】 新成分なのでHHBD,H4CBH,THAHに耐性が つき始めたお客さまも楽しみやすい💥💥  そこに #CBD #CBG ブレンドのフィナンシェ🍫 玄人さんなら追加すると違いが分かるハズ👀  色んな成分試してみてください💕︎ https://x.com/CHILLAXY_azabu1/"
2092451175006339399,2026-08-26T03:16:50.000Z,ja,1010sTHC,裏天,934,19,5,1,https://x.com/1010sTHC/status/2092451175006339399,オススメはCBX10%バリ草サワーディーゼル  CDTサワーディーゼル9%配合のバリ草ブリブリなフレーバー⛽️🍋  しっかりサイコ感もありつつ程良さが使い勝手良いリキッドです  リピーター様は特別価格にてご案内中です  CBX40%パーマネントマーカーは上級者向けですのでワンパフから様子見でお願い致します https://x.com/1010sTHC/status/2092451175006339
2092176089141645586,2026-08-25T09:03:45.000Z,ja,GOODCHILL_mito2,🍯GOODCHILL(グッドチル)水戸店🌿,913,5,0,0,https://x.com/GOODCHILL_mito2/status/2092176089141645586,🚨緊急入荷🚨  大好評なリキッド達が再入荷しました👍✨  🥦OGクッシュ (HHBD) 🍬BLUE ZKITTLES (HHBD) 🌞陽キャ (HHBD) 🍋スーパーレモンヘイズ (CBX) ⚡️VOLT (H4CBH) 🥦グリーンクラック (HHBD × H4CBH)  現金の他に、PayPay / 各種QR決済 / クレカ ID / QUICPay / 交通系電子マネー使えます✅ https:
2091860995170054519,2026-08-24T12:11:40.000Z,ja,HighLifeat420,High Life 420 🌿,2094,6,2,0,https://x.com/HighLifeat420/status/2091860995170054519,Honey 🍯 Drip💧Lab 🥼 のプレゼント🎁企画で景品をいただきました❗️🥳  この会社のリキッドを吸うのは初めてですし、H4 × HHBD × CBXのブレンドを吸うのも初めてなので……ワクワクします！👏  本当にありがとうございます！♪( ´θ｀)ノ  @HoneyDripLab   #cbd #crdp #crdb #hhbd #cbg #cbx #h4cbd #h4cbh #tha
2091858977609158903,2026-08-24T12:03:39.000Z,ja,Land_attack,🌻⚫️🌻,1139,4,1,1,https://x.com/Land_attack/status/2091858977609158903,これ最初全く耐性付いていない状況ではかなりビックリしましたが🫢 ある程度麻抜きしても、 一度身体が受け入れると🤝 軽く吸っただけでCBXの優しさと CBXのお陰様なのか⁇ CRDBがより鮮明にハッキリしてかなり明るいリキッドだし やっぱり幻界のCRDB配合は間違いない🙂‍↕️ 4日麻抜きしてるのもあるけど！ 軽く2、3服でも💨 明るくなりながらも心がホッとするリキッド‼️ 少し名前が幻界ってかなり
2091844970357588158,2026-08-24T11:08:00.000Z,ja,HoneyDripLab,Honey Drip Lab【ハニドリ】,5833,25,11,1,https://x.com/HoneyDripLab/status/2091844970357588158,"【Chocolate Dripリキッド🍯🍫】  ハイブリッド  HHBD10% + H4CBH10% + CBX10% H4CBD / CBG配合 ドバイチョコ テルペン使用  ▶︎0.5ml ¥3,500 / 1ml ¥6,000  ボディ,ヘッド共にバランスよく成分を配合しております。 満足していただける様に試作を重ねてきました。 ハニドリが価格を安く抑えて,提供いたします。  ▼商品ページ "
2091839075758268599,2026-08-24T10:44:34.000Z,ja,CHILLAXY_azabu1,CHILLAXY麻布店チラクシー,1018,7,2,0,https://x.com/CHILLAXY_azabu1/status/2091839075758268599,過ごしやすい気温になってきました😮‍💨✨  本日も「合法大麻吸えます」の看板を持って スタッフが立っています👀🔥  リキッド🍯 ジョイント🌿 エディブル🍪 まだまだ在庫ございます🛍️  お近くにお越しの際はお気軽にどうぞ✨  #麻布十番 #CHILLAXY #CBD #CBG #CBX https://x.com/CHILLAXY_azabu1/status/2091839075758268599
2091761853366251734,2026-08-24T05:37:43.000Z,ja,Land_attack,🌻⚫️🌻,1837,16,2,0,https://x.com/Land_attack/status/2091761853366251734,まあどちらにしても！  CBXとCRDBの相性の良さは半端ない🥀  もちろんこれらを高配合でも週末楽しめるし❣️  低濃度でも中濃度でも CBXとCRDBの配合記載があるリキッドは  この二つの良さがかなり一丸となってまとめてくれる印象があるから✨  濃度はそれぞれで確認して頂き☝️  この二つの配合はとても相性の良きアイテムになると自分は思ってる。  もちろんHHBDやCBHとの関わりも見逃せな
2091759257352130769,2026-08-24T05:27:24.000Z,ja,soi56f,Chill Leaf 企画・宣伝用,1154,20,3,1,https://x.com/soi56f/status/2091759257352130769,🍇 Greap Haze 🍇  CBXを80%使用した高濃度・高級リキッド🔥  とにかくマンチが強いです😋 体感もかなり強めなので、初めての方は様子を見ながらお楽しみください。  ECならリプ欄のクーポンから【20%OFF】で購入可能✨ Amazonならクレカ決済にも対応しています💳  ぜひお試しください🙌 https://x.com/soi56f/status/20917592573521307
2091405337157124472,2026-08-23T06:01:03.000Z,ja,GOODCHILL_mito2,🍯GOODCHILL(グッドチル)水戸店🌿,462,4,0,0,https://x.com/GOODCHILL_mito2/status/2091405337157124472,GOODCHILL水戸店オープン🎪 【23時】まで営業中🈺💫  噂の新商品『CBXリキッド🍯』 入荷したばかりですが、残り少なくなってます🙌💦  非常にバランスの取れたハイブリッドに仕上がってます🌿✨  溢れる多幸感💖止まらないマンチ😋 アクティブに動けて、抜け感もスッキリ👌 1hitメニューも有ります💭 https://x.com/GOODCHILL_mito2/status/209140533
2091401347509956944,2026-08-23T05:45:12.000Z,ja,Land_attack,🌻⚫️🌻,963,8,0,0,https://x.com/Land_attack/status/2091401347509956944,人間て食べる行為やいろいろだけど！  口に何かを含んだり、 咥えたりする💋  行為って本能的に脳が刺激を覚えるから⚡️  リキッドも必ず吸う事や咥える事が癖になっる事実も否定出来ないから💡  麻抜きが凄く難しいのは それが原因の一つなのも皆さまも承知の上だと思いますが。  そんな時はナチュラル寄りのサイコか ナチュラルを咥える事に専念しないと  本当の麻の体感は味わい辛いから時に自分に厳しくする事
2091398535292059756,2026-08-23T05:34:01.000Z,ja,CHILLAXY_azabu1,CHILLAXY麻布店チラクシー,1732,5,1,0,https://x.com/CHILLAXY_azabu1/status/2091398535292059756,🏮麻布十番祭り 本日14時から開催🏮  今年も大賑わいの予感👀✨  CHILLAXY麻布店もSALE開催中🉐 リキッド🍯 ジョイント🌿 エディブル🍪 普段よりお求めやすくなってます🔥  お祭りの休憩ついでに ぜひお立ち寄りください🛍️  #麻布十番祭り #麻布夏祭り #麻布十番 #CHILLAXY #CBD #CRD #CBX #CBG https://x.com/CHILLAXY_azabu1/
2091341534168052110,2026-08-23T01:47:31.000Z,ja,CHILLAXY_azabu1,CHILLAXY麻布店チラクシー,1953,7,2,0,https://x.com/CHILLAXY_azabu1/status/2091341534168052110,本日も営業スタート☀️  🏮✨#麻布十番納涼まつり 最終日✨🏮  今日は涼しく過ごしやすい気温😆 麻布十番も盛り上がってます🔥  CHILLAXYではSALE開催中🉐 リキッド🍯 ジョイント🌿 エディブル🍪 お祭りのお供にぜひ✨  #CBD #CBG #CBX #CRD https://x.com/CHILLAXY_azabu1/status/2091341534168052110/photo/1
2091337343420748168,2026-08-23T01:30:52.000Z,ja,CHILLAXY_IKBKR_,CHILLAXY池袋店🌱チラクシー,1121,4,3,2,https://x.com/CHILLAXY_IKBKR_/status/2091337343420748168,CHILLAXY池袋 🦉 本日プレオープン最終日‼️  明日8/24(月)〜内装工事期間に入ります🙇‍♂️  グランドオープンは9/11(金)予定‼️  必要なものがある方は 工事前に買い溜めしちゃいましょう💨💨  最新 #CBX 配合リキッド🍯 お試し1HITメニューやブラウニー🍫 手軽なジョイント🌿も取り扱い中🆗  #池袋 #CBD https://x.com/CHILLAXY_IKBKR_/
2091239724233175436,2026-08-22T19:02:58.000Z,ja,Sunder88885,s,1347,7,1,1,https://x.com/Sunder88885/status/2091239724233175436,Sが求めるリキッド  (味)濃いめ、美味め、(粘度)バリ固 (効果)強め(抜け)早め(値段)安め  自信ある商品あれば是非(/・ω・)/(/・ω・)/  業者様お待ちしてます( ◜ω◝ )  #CBX #H4CBH #HHBD ...etc
2091121847916015815,2026-08-22T11:14:34.000Z,ja,BudsBrain_eva,🍀BudsBrain【歌舞伎町 EVA店】,15171,15,4,0,https://x.com/BudsBrain_eva/status/2091121847916015815,本日もオープンしてます🔔  「CBX」を使用した製品を、リキッド2種・ジョイント1種リリース致しました✨✨  多幸感とマンチをしっかり感じる原料で、サンプルの到着から試行錯誤を重ね、やっとのリリースです。 価格と詳細はプロフィールのリンクを✔  近日中にWAXもリリース予定です。 お楽しみに🌿 https://x.com/BudsBrain_eva/status/20911218479160158
2091062301789143110,2026-08-22T07:17:57.000Z,ja,CHILLAXY_IKBKR_,CHILLAXY池袋店🌱チラクシー,1439,7,1,0,https://x.com/CHILLAXY_IKBKR_/status/2091062301789143110,昼間暑かったですが🍋💦 日が暮れてくるとすこし涼しいですね💧  土曜日遊びに行く時には リキッド必須かと思います！🍯  #CBX 配合の新作サティバ系リキッド🍯 𝙎𝙐𝙋𝙀𝙍 𝙇𝙀𝙈𝙊𝙉 𝙃𝘼𝙕𝙀🍋🍋  シャキッと駆け抜けましょう⭐️💨💨  #ベイプ #池袋 https://x.com/CHILLAXY_IKBKR_/status/2091062301789143110/photo/1
2091050168800194943,2026-08-22T06:29:44.000Z,ja,pericansan,ペリカン,1528,17,4,2,https://x.com/pericansan/status/2091050168800194943,念願の✨  愛染リキッド  配合 CBX 40% H4CBH 20％ H4CBD 20% CBG 15% CDT Terpene 5% CDTテルペンでさすがの美味しさ👍 キックも強すぎず吸いやすい✨ 体感も早め、ヘッドから始まり、徐々にボディにも来て追えば追うほど落ちていく🥰 CBHもいい仕事してて体感の底上げと体感時間に幅と厚みが出ますね🥰この一本で十分満足な体感でした🤙 今回台風で遅れたらわ
2091019063157989463,2026-08-22T04:26:08.000Z,ja,ChillLeafJP,CHILL LEAF,880,13,3,0,https://x.com/ChillLeafJP/status/2091019063157989463,おはようございます☀️ 本日も営業中です🙌  近々、CBXリキッドを2種類発売予定です🔥 お楽しみに👀✨  そういえば、お盆みなさん何してましたかー？🤔𓈒𓂂𓏸 https://x.com/ChillLeafJP/status/2091019063157989463/photo/1
2090879642735718890,2026-08-21T19:12:08.000Z,ja,Th666Cluster,たいん隊長(本垢),989,3,1,0,https://x.com/Th666Cluster/status/2090879642735718890,俺の個人的にイチオシブランドの『ぐりーんりかー』さんはリキッドはもちろん抜群ですしリキッド以外の商品もオススメですよー🌳💕💕💕 #cbd #cbn #cbg #HHBD #H4CBH #CRDP #CBX #CRDB #THC #テルペン  @Greenliquor77 @Greenlilsd
2090782619910996249,2026-08-21T12:46:36.000Z,ja,Th666Cluster,たいん隊長(本垢),837,9,4,1,https://x.com/Th666Cluster/status/2090782619910996249,皆さん💡僕は断然プレミアム派です🖤笑 まずはコスパの良い0.５㍉から試してみてはどうでしょう❓僕も初めは0.5.㍉のリキッド買いまくって自分にピッタリなブランドのカンナビノイドリキッドに出会えたからね🌳🧪🌿🪴🚬💖 今日もG/Mさんのリキッド吸いながらご機嫌にニコニコしながらポストしてます💚笑 #CBD #CBG #CBX #カンナビノイド #麻  @GMS_hop
2090780570725077297,2026-08-21T12:38:27.000Z,ja,Th666Cluster,たいん隊長(本垢),1350,6,3,0,https://x.com/Th666Cluster/status/2090780570725077297,新しく協賛店舗になって頂いた【ハニドリ】様から『虚空』のサンプルを頂ける事になりましたので非常に分かりやすく動画でレビューします💚 #ハニドリ #協賛店 #優良店 #CBD屋 #CBD #CBG #HHBD #H4CBH #CBX #CRDP #CRDB #THC #麻 #ハーブ #リキッド #紙 #テルペン #合成カンナビノイド  @HoneyDripLab https://x.com/Th66
2090766934816301551,2026-08-21T11:44:16.000Z,ja,Bonkurbon00,Bon,275,4,1,1,https://x.com/Bonkurbon00/status/2090766934816301551,お釈迦さまの愛染リキッド🙏 @108buriburi42  CBX40% × H4CBH20%が気になって試してみました。  先に結論、これはかなり好き。 強さだけじゃなくて、気持ちよさの出方がめちゃくちゃ良かったです。  今回は4〜5パフ。 最初は意外と静かだけど、10分前後からじわっと来ます。
2090735856437108771,2026-08-21T09:40:46.000Z,ja,Land_attack,🌻⚫️🌻,3043,15,2,0,https://x.com/Land_attack/status/2090735856437108771,CBX40%〜50%台のリキッドは❤️‍🔥 次の日の残りって 人それぞれ感じ方が違うと思うけど。  自分は多少 麻は人を酔わせる力があるからこそのアイテムなので🖐️  次の日の残りって少しくらいは仕方ないって思ってる🌿  でもCBXは吸い過ぎると多少残るんだけど！ 一度しっかり次の日のその残りの体感を何度か観察してみたけど👀  CBXの残り香は🌿  少しだけ怠いって感覚が少しあるにはある☝️ けど
2090682806276182093,2026-08-21T06:09:58.000Z,ja,GOODCHILL_mito2,🍯GOODCHILL(グッドチル)水戸店🌿,474,4,0,0,https://x.com/GOODCHILL_mito2/status/2090682806276182093,GOODCHILL水戸店オープン❣️ 華金なので24時まで営業中🈺  💥CBX配合💥新商品リキッド入荷してます🍯  HHBDに耐性を感じて来た人に超オススメ🔥 CRDオイル使用なので雑味が無く、とても良い味わいになっています👍  アクティブに過ごしたい貴方🫵🫵🫵 是非ともお試しあれ🌿✨ https://x.com/GOODCHILL_mito2/status/2090682806276182093
2090679012356141409,2026-08-21T05:54:54.000Z,ja,CHILLAXY_IKBKR_,CHILLAXY池袋店🌱チラクシー,911,4,2,1,https://x.com/CHILLAXY_IKBKR_/status/2090679012356141409,🦉CHILLAXY池袋店🦉  📍西口から徒歩5分にあります🚶‍♀️ 毎日いい感じに騒がしく賑やかです🚨  リキッド🍯お試しメニューあります⭕️ ジョイント🌿ブラウニー🍫も是非✨️  安心安全に楽しみましょう🫡🫡  #CBD #THAH #CBX #HHBD #CRD #H4CBH  #東京 #埼玉 #川口 #川越 #越谷 #最近 #シーシャ #ベイプ https://x.com/CHILLAXY_
2090646026445103410,2026-08-21T03:43:49.000Z,ja,JibbletxWizard,🧙‍♂️ JibbletxWizard | Japan 🇯🇵,1374,8,2,0,https://x.com/JibbletxWizard/status/2090646026445103410,@1010sShop 素敵なパッケージを送っていただき、本当にありがとうございます！😊🙏  手書きのメッセージまで入れていただいて、とても嬉しかったです。皆さんの温かい気持ちが伝わってきました🥰  時間ができ次第、できるだけ早くレビューさせていただきます！✨ リキッドも絶対に美味しいと思っているので、今から試すのが楽しみです🌿  CBXは、面倒な家事をする時にもかなり気に入っています🤣 これなら妻
2090606405837598867,2026-08-21T01:06:23.000Z,ja,CHILLAXY_IKBKR_,CHILLAXY池袋店🌱チラクシー,1100,4,1,2,https://x.com/CHILLAXY_IKBKR_/status/2090606405837598867,おはようございます☁️ CHILLAXY池袋店OPENです🦉  プレオープンも残り3日となりました‼️ 8/23(日)まで🔚8/24(月)～内装工事👷🏻‍♀️🚧  #CBX 🆕リキッド🍯1HITもお試しできます 9/11(金)まで足りないものは今のうちに💨💨  #CBD #HHBD #THAH #CBG #CRD #H4CBH  #ベイプ #シーシャ #埼玉 #東京 #川口 #越谷 https:/
2090598516397863024,2026-08-21T00:35:02.000Z,ja,ChillLeafJP,CHILL LEAF,5495,50,12,1,https://x.com/ChillLeafJP/status/2090598516397863024,🍇 Greap Haze 🍇  CBXを80%使用した高濃度・高級リキッド🔥  とにかくマンチが強いです😋 体感もかなり強めなので、初めての方は様子を見ながらお楽しみください。  ECならリプ欄のクーポンから【20%OFF】で購入可能✨ Amazonならクレカ決済にも対応しています💳  ぜひお試しください🙌 https://x.com/ChillLeafJP/status/209059851639
2090393325161595302,2026-08-20T10:59:41.000Z,ja,GOODCHILL_mito2,🍯GOODCHILL(グッドチル)水戸店🌿,668,9,0,0,https://x.com/GOODCHILL_mito2/status/2090393325161595302,🎉新商品入荷🎉  今、話題の成分『CBX』を配合した新商品のリキッドが水戸店にやって来ました🚚✨  フレーバーは爽やかな『スーパーレモンヘイズ🍋』です👍  🆕CBXリキッド 🆕フラワーミルグラインダー 🆕ライスペーパー 🌿二刀流O谷ハーブ/🚬ジョイント 🍯しゃがみ撃ち　 🍯マンゴークッシュ https://x.com/GOODCHILL_mito2/status/20903933251615953
2090383925273399697,2026-08-20T10:22:19.000Z,ja,CHILLAXY_azabu1,CHILLAXY麻布店チラクシー,601,4,2,0,https://x.com/CHILLAXY_azabu1/status/2090383925273399697,🏖️【Last Summer】🏖️  いよいよ本日までとなります🦉🔥  人気リキッド【Gelato🍯】【MAWUI WAUI🌺】 2本お得にGETできるチャンス🤩✨  そしてNewリキッド🍯【#CBX】も要チェック✅  夏の最後に、ぜひお立ち寄りください🌊 ご来店お待ちしております😆  #CBD #CBG #CRD #HHBD #H4CBH #THAH https://x.com/CHILLAXY
2090318321182986655,2026-08-20T06:01:38.000Z,ja,GOODCHILL_mito2,🍯GOODCHILL(グッドチル)水戸店🌿,509,6,1,0,https://x.com/GOODCHILL_mito2/status/2090318321182986655,GOODCHILL水戸店オープン🎪 《23時》まで営業中です🈺  本日は入荷予定のアイテムがあります✨  🆕CBXリキッド 🆕フラワーミルグラインダー 🆕ライスペーパー 🌿二刀流O谷ハーブ/🚬ジョイント 🍯しゃがみ撃ち　 🍯マンゴークッシュ  到着次第アナウンスしますのでお楽しみに🤩 https://x.com/GOODCHILL_mito2/status/2090318321182986655/
2090294916853510316,2026-08-20T04:28:38.000Z,ja,CHILLAXY_IKBKR_,CHILLAXY池袋店🌱チラクシー,816,10,3,1,https://x.com/CHILLAXY_IKBKR_/status/2090294916853510316,コチラのキャンペーン本日ラストです‼️‼️  リキッド🍯ハーブ🌿のお得なセット🉐 雑貨📄ブラウニー🍫が貰えるセットも👀  1.0ml購入者にはデバイスもプレゼント🎁 まとめてGETして夏を乗り切りましょ💪  本日も23時までOPENしておりま〜す🈺  #CBX #CBD #THAH #HHBD #H4CBH #CRD  #ベイプ #シーシャ https://x.com/CHILLAXY_IKBKR
2090283052593557942,2026-08-20T03:41:29.000Z,ja,Th666Cluster,たいん隊長(本垢),541,3,2,0,https://x.com/Th666Cluster/status/2090283052593557942,匠の技って感じだなぁ✨🌿💚 #CBD #CBX #CBG #リキッド
2090275082107232313,2026-08-20T03:09:49.000Z,ja,CHILLAXY_azabu1,CHILLAXY麻布店チラクシー,1128,4,2,0,https://x.com/CHILLAXY_azabu1/status/2090275082107232313,本日も10:00〜23:00営業中🈺  Newリキッド✨【#CBX】🍋 もう試されましたか？👀  立ち上がりの早さも魅力の一本🔥 まずはお試しで1Hitからでも◎  気になる商品がございましたら、 お気軽にスタッフまでお声掛けください😆  #CBD #CBG #CRD #HHBD #THAH #H4CBH https://x.com/CHILLAXY_azabu1/status/209027508
2090069314711761000,2026-08-19T13:32:10.000Z,ja,HighLifeat420,High Life 420 🌿,6193,15,7,0,https://x.com/HighLifeat420/status/2090069314711761000,マジで手頃な価格のリキッドが欲しいなら実際に製造している会社を応援してほしい！💡  派手な宣伝やギミックに惑わされないでほしい。😒🙅🏻‍♂️  Trip Japanがこの価格帯を維持できるのは大量にリキッドを販売しているからこそだと思います。  イキナリステーキも販売量でカバーすることで価格を抑えていると聞いたことがあります。  結局、薄利でも販売量を増やせれば価格は抑えられる。🎯  消費者のこと
2090061733868220604,2026-08-19T13:02:03.000Z,ja,HighLifeat420,High Life 420 🌿,9435,16,4,1,https://x.com/HighLifeat420/status/2090061733868220604,🚨Trip JapanのCBX 10%レビューです📣  まず最初にこのリキッドには本当に満足しています。これまでに以下のリキッドを吸ってきました。🥳  CBX 80% CBX 70% × H4 10% CBX 50% CBX 70% × H4 20% CBX 10%  もしこの中から2つ選ぶとしたら日中用には間違いなくCBX 10%を選びます。🫶 僕はかなり耐性がついているのでこの濃度なら一日中い
2090041724848808319,2026-08-19T11:42:32.000Z,ja,Japanese_Chill_,Japanese Chill,4488,50,2,0,https://x.com/Japanese_Chill_/status/2090041724848808319,個人的な意見になりますが、いろんなものを踏まえた上で  ・低濃度H4CBH ・高濃度HHBD ・中濃度CBX  こちらが体感、次の日の残り具合を考え日常使いにはピッタリなリキッドだと考えております🍯
2090033449344311587,2026-08-19T11:09:39.000Z,ja,nillholedope02,にる,617,7,1,1,https://x.com/nillholedope02/status/2090033449344311587,蜂Laboさん🐝&amp;cannacannaさん🌿 合同🎁企画✅　第2弾‼️‼️  話題のCBXﾘｷｯﾄﾞが色んな配合で🤭✨  贅沢ですねー！！  cannacannaさんﾘｷｯﾄﾞ欲しい😭✌️
2090031021651902608,2026-08-19T11:00:01.000Z,ja,KO_official2026,KO_OA,1985,7,4,1,https://x.com/KO_official2026/status/2090031021651902608,🎉 販売開始しました！  🌿 KO JOINT ― CBX ―  プレゼント企画でしかお渡しできなかった一本が、 皆様のお声で商品になりました。✨  ⚡️ 混ぜていません。CBXだけを、ハーブに。  KОのリキッドは成分を重ねて厚みを作ってきましたが、 この一本は逆です。CBX以外は一切入れていません。🧪 混ぜれば厚みは出ますが、輪郭はぼやけます。 足さなかったことが、この一本の設計です。  🍋 
2089998830070878555,2026-08-19T08:52:06.000Z,ja,CHILLAXY_IKBKR_,CHILLAXY池袋店🌱チラクシー,762,7,3,1,https://x.com/CHILLAXY_IKBKR_/status/2089998830070878555,#CBX 【SUPER LEMON HAZE🍋】  夏っぽい爽やかな香り͛.*🍃 気分も上がっておでかけにも🌊☀️  立ち上がりも早くサティバ感の持続長め💥  このリキッド🍯で夏を最期まで満喫🏖 🆕新しいお供に選んでみて下さい🌿  #HHBD #THAH #H4CBH #CRD #CBD #CBG  #東京 #埼玉 #ベイプ #シーシャ #越谷 #川口 #王子 https://x.com/CHIL
2089953245208932798,2026-08-19T05:50:57.000Z,ja,GCmatsudo,GOODCHILL（グッドチル）松戸店🍯,338,3,0,0,https://x.com/GCmatsudo/status/2089953245208932798,8/19 グッドチル松戸馬橋店オープン💚 本日も23時まで営業‼️ かなり強いと噂の新作リキッド CBX🍯本日入荷します♪お楽しみに！ https://x.com/GCmatsudo/status/2089953245208932798/photo/1
2089882480249876544,2026-08-19T01:09:46.000Z,ja,CHILLAXY_azabu1,CHILLAXY麻布店チラクシー,651,3,0,0,https://x.com/CHILLAXY_azabu1/status/2089882480249876544,おはようございます😃  本日も10時からOpenしてます🌿  お得🉐なセットはラスト2日！💨 週末用のお供は今が狙い目です🎯  リキッド🍯だけじゃなく グラインダーやボングセットも熱いです🔥  各種セットご用意してお待ちしてます💪  #CBD #CBG #HHBD #CBX #H4CBH #THAH #サマーセール #SUMMERSALE https://x.com/CHILLAXY_azabu1
2089871470499610692,2026-08-19T00:26:01.000Z,ja,cannacanna88888,canna canna,834,15,5,0,https://x.com/cannacanna88888/status/2089871470499610692,こちら残り3点となりました🙇 再販なしのCBXスペシャルセット、 shopifyで取り扱い中  https://cannacanna.jp/products/%E3%82%B3%E3%83%A9%E3%83%9C%E3%82%BB%E3%83%83%E3%83%88-cbx%E3%83%8F%E3%83%BC%E3%83%963g-cbx%E3%83%AA%E3%82%AD%E3%83%83%E3
2089741765322653794,2026-08-18T15:50:37.000Z,ja,tainwax4209393,金本(たいん親衛隊),725,8,4,0,https://x.com/tainwax4209393/status/2089741765322653794,マジ、美味いしムセないし体感あるしG/MさんのCBXリキッド最高❣️🌳💕 #CBX
2089741364921827750,2026-08-18T15:49:01.000Z,ja,Th666Cluster,たいん隊長(本垢),3196,22,6,0,https://x.com/Th666Cluster/status/2089741364921827750,G/Mさんのサンプル商品が届いたので早速、レビュー動画アップします⤴️ やっぱり、CBXのリキッド作りのプロだ❣️  #CBX #CBD https://x.com/Th666Cluster/status/2089741364921827750/video/1
2089688488673497219,2026-08-18T12:18:54.000Z,ja,Th666Cluster,たいん隊長(本垢),2268,7,2,0,https://x.com/Th666Cluster/status/2089688488673497219,【蜂】様🐝僕のインフルエンサー活動の為に協賛店&amp;優良店になってサンプル商品、提供して頂き本当に感謝です🐝💕 レビューは動画編集中です♪ ストロベリーバナナケーキ🍰🍌は今までのリキッドの中で1番美味い❣️ 綺麗な体感もあるしムセないし👍👍  #CBX #iH4CBH #CBD #cbg https://x.com/Th666Cluster/status/2089688488673497219
2089676904446189613,2026-08-18T11:32:52.000Z,ja,Land_attack,🌻⚫️🌻,2209,18,0,0,https://x.com/Land_attack/status/2089676904446189613,先程ポストで📮  CBXで眠くなりやすい方は👥  ハシシやWax系はサティバ感覚になりやすいので☝️  CBXリキッドと合わせると オススメとお伝えさせて頂きましたが💡  自分はそうでしたが！ 寝る前だと💤 人によってはかなり眠り辛くなる恐れがあるので。  お気をつけ下さい♪♪  CBXですらハシシのサティバ感を消せなかったので🍯  寝る前にH4CBH優勢🐝 ドバイチョコテルペンリキッド3服💨🍫 
2089640039051673793,2026-08-18T09:06:23.000Z,ja,CHILLAXYfuk420,CHILLAXY 福岡天神店,249,2,0,0,https://x.com/CHILLAXYfuk420/status/2089640039051673793,🚨新成分入荷予定‼️  【CBX】  CHILLAXY福岡天神店では 今週あたりにCBXリキッド入荷予定です🙌  #CHILLAXY #GOODCHILL #CBX #CBD #CBG  🍋 https://x.com/CHILLAXYfuk420/status/2089640039051673793/photo/1
2089638057960251633,2026-08-18T08:58:31.000Z,ja,gohoya03,GOHOYA 2ndアカウント,3580,7,1,0,https://x.com/gohoya03/status/2089638057960251633,"H4CBH×HHBDリキッドが安定してますがCBXも最近はよく出ます💨  ※高濃度なので初めは1,2パフで様子見してください。 https://x.com/gohoya03/status/2089638057960251633/photo/1"
2089600311895937104,2026-08-18T06:28:31.000Z,ja,gakubonbonbon,gakubon,938,12,1,1,https://x.com/gakubonbonbon/status/2089600311895937104,皆様お待たせしました。 流行りのCBXでサイコ系の新作作ってみました(^o^) CBX50%lemon cherry gelato 1ml 7500円で販売中です。 現在のラインナップは CBDリキッド4種類1650円 CBGリキッド5種類2300円 H4CBH20%リキッド8000円 CBX50%リキッド7500円 CBDアイソレート10g4000円 https://gakubon.shop-p
2089590221805650058,2026-08-18T05:48:26.000Z,ja,Land_attack,🌻⚫️🌻,3295,13,2,1,https://x.com/Land_attack/status/2089590221805650058,久しぶりにモーニング持ってきた🔆🌊  H4CBH 8%の程よいサイコを使用して🐝  ナチュラル気質なCBG CRDをたっぷり使用した🌋  ほんのりサイコ香る🍯  整う系のナチュラル全開リキッド展開してるし☀️  trip産は低濃度から高濃度迄幅広く🔥❤️‍🔥 昨夜少し話題にあがりました☝️ CBG CRDナチュラルを最大限に使った低濃度サイコシリーズや🌿  テルペン豊富で🌷 ナチュラル単体まで極め
2089559230168920288,2026-08-18T03:45:17.000Z,ja,Land_attack,🌻⚫️🌻,2293,17,0,0,https://x.com/Land_attack/status/2089559230168920288,もしCBXで眠くなりやすい方は💤  自分も含めて！  もちろん眠くなる事の大切さで使う方はいると思いますが。  あの膨らみある体感を眠くならずに試すには  HHBDやCBH配合のハシシやWax系がオススメ✨  もちろんリキッドで補えなくはないんだけど！  リキッドだと全般的にトロける方向性が多いけど🧭  ハシシやWax系だと 何故か急速にサティバのナチュラル要素を純粋に感じ取れる事が出来るから☝️
2089496338115489832,2026-08-17T23:35:22.000Z,ja,Th666Cluster,たいん隊長(本垢),1062,10,3,0,https://x.com/Th666Cluster/status/2089496338115489832,【蜂】さんの カンナビノイドのこんだてメニュー表です🌳📖💕笑 特に女性に合ってる商品が多いお店やと思う🏬 (とにかくガッツリ体感得たかったらG/Mさんかパピヨン・サイエンスさんがオススメかな？) CBD界隈に興味ある方はとりあえずストロベリーバナナケーキのリキッド🍰🍌🍓買ってみて🌳💕とにかく美味いから😋 #h4cbh #cbx #HHBD #cbd #cbg #cbn
2089195543159517488,2026-08-17T03:40:07.000Z,ja,CHILLAXY_azabu1,CHILLAXY麻布店チラクシー,295,3,1,0,https://x.com/CHILLAXY_azabu1/status/2089195543159517488,夏休み、まだまだ楽しもう🌻🔥  【last summer】開催中✨ リキッド🍯などお得にGETできます😆  New【#CBX SUPER LEMON HAZE🍋】 要チェック💥  爽やかなシトラス系の風味🍋 キレのある味わいと、立ち上がりの早さも魅力✨️  いつもと違う一本を試したい方はぜひ👀  #CBD #CBG #CRD https://x.com/CHILLAXY_azabu1/status
2089182249707315213,2026-08-17T02:47:18.000Z,ja,GChonten0042,GOODCHILL 藤沢本店🌈🥦🍯,722,7,1,0,https://x.com/GChonten0042/status/2089182249707315213,おはようございます。本日少し早いですがオープンさせていただきます。この後23時半までノンストップで営業させていただきます。ご来店お待ちしています。 カングリオ本日藤沢店にて14:30まで接客中。 その後は松戸店で16:20から1日店長をします。 新作CBXのリキッド、大量入荷にてお待ちしてます。 https://x.com/GChonten0042/status/20891822497073152
2089161301549564289,2026-08-17T01:24:03.000Z,ja,CHILLAXY_azabu1,CHILLAXY麻布店チラクシー,220,3,1,0,https://x.com/CHILLAXY_azabu1/status/2089161301549564289,おはようございます☀️🦉  夏なのに涼しくて過ごしやすい😆🌿 お出かけついでにぜひ✨  【Last summer】開催中🔥 リキッド🍯などお得にGETできます！  夏休み、まだまだ楽しみましょう🌊  本日も10:00〜23:00営業中✨  #CBG #CBD #CRD #CBX https://x.com/CHILLAXY_azabu1/status/2089161301549564289/pho
2089008675738333556,2026-08-16T15:17:34.000Z,ja,goodchillosaka7,🌸GOODCHILL桜川店🌸,414,5,0,1,https://x.com/goodchillosaka7/status/2089008675738333556,本日もたくさんのご来店 ありがとうございました🙏☺  近々CBXリキッドが 入荷出来ると思うので お楽しみに✨   #CBD  #CBX  #weed https://x.com/goodchillosaka7/status/2089008675738333556/photo/1
2088962833858134275,2026-08-16T12:15:25.000Z,ja,CHILLAXY_azabu1,CHILLAXY麻布店チラクシー,638,2,1,0,https://x.com/CHILLAXY_azabu1/status/2088962833858134275,本日23:00まで営業中✨🦉  最近は過ごしやすい気温になって来ました😊  リキッド🍯 ジョイント🌿 エディブル🍪 夏を楽しむアイテム、まだまだご用意してます🔥  Newリキッド🍯 #CBX【SUPER LEMON HAZE🍋】も登場💥  気になる方はぜひチェックしてみてください✅ 本日もご来店お待ちしております🏃 https://x.com/CHILLAXY_azabu1/status/2088
2088754833935519906,2026-08-15T22:28:54.000Z,ja,GMS_hop,G/M.Shop Official｜CBXリキッド,669,23,9,2,https://x.com/GMS_hop/status/2088754833935519906,おはようございます☁️😊  今日の横浜はくもり。 最高31℃、最低23℃の予報です🌡️✨  お盆休み最終日の日曜日🌻 連休の締めくくりも明るく気持ちよく過ごしましょう😊🙌  G/M.Shopは本日も通常通り対応中です📦💨 CBXリキッドCBX COREもご注文いただけます💫 SUMMER SALEは本日23:59までです🛒✨  湿度が高く蒸し暑くなりそうなので、 お出かけやお帰りの際はお気をつけく
2088635892760211927,2026-08-15T14:36:16.000Z,ja,Zang69071,Zang,967,4,2,2,https://x.com/Zang69071/status/2088635892760211927,@hempking_info 極王リキッド🦁 CBX70% × H4CBH10%  今回は4〜5パフ。  【0〜5分】 吸って数分で「あ、来た」って分かる。 立ち上がりかなり早めで、頭の奥がふわっと切り替わる感じ。
2088601294697377969,2026-08-15T12:18:47.000Z,ja,CHILLAXY_azabu1,CHILLAXY麻布店チラクシー,292,3,2,0,https://x.com/CHILLAXY_azabu1/status/2088601294697377969,【NEW リキッド🍯 】  #CBX 配合フルリキッド 「Super Lemon Haze🍋」が新登場✨  オンラインストア＆直営店にて 先行販売スタートしました🦉🏃💨  気になる方はぜひチェックしてみてください👀  #CBX #CBD #CBG #CRD https://x.com/CHILLAXY_azabu1/status/2088601294697377969/photo/1
2088530044792799530,2026-08-15T07:35:40.000Z,ja,cafelate420,カフェラテさん,1415,13,1,2,https://x.com/cafelate420/status/2088530044792799530,ライブも一旦終わりまして  @gokumituya_328 様のH4D優勢CBXリキッドに、おまけのバナナケーキ&amp;ブランツが着弾！！！  注文品よりおまけが多い😂  今日はリキッド吸って休みつつ、旅行から帰ったらブランツも頂きます！  ブランツは活性炭フィルター付き！中身何だろ🤔  今回もありがとうございます🙇‍♂️ https://x.com/cafelate420/status/208
2088519646064640312,2026-08-15T06:54:21.000Z,ja,CHILLAXY_Isezak,CHILLAXY 伊勢佐木店（チラクシーイセザキテン）,467,2,0,0,https://x.com/CHILLAXY_Isezak/status/2088519646064640312,本日伊勢佐木店にて SuperLemonHaze が先行販売です🍋💥  立ち上がりが早く、抜けもスッキリで扱いやすいリキッドです🫶  麻抜きにも、耐性緩和にも、日常使いにオススメ👍 #CHILLAXY #チラクシー #CBX https://x.com/CHILLAXY_Isezak/status/2088519646064640312/photo/1
2088457954219770012,2026-08-15T02:49:12.000Z,ja,Th666Cluster,たいん隊長(本垢),707,2,1,0,https://x.com/Th666Cluster/status/2088457954219770012,CBXリキッド！！❣️ 最近、ハマっている合成大麻由来成分🌿 これも明日、届くからレビュー動画撮影頑張ります👍 #CBD #CBN #CBG #CBX #h4cbh #hhbd #crdp https://x.com/Th666Cluster/status/2088457954219770012/photo/1
2088044991860109739,2026-08-13T23:28:14.000Z,ja,HighLifeat420,High Life 420 🌿,4001,11,4,1,https://x.com/HighLifeat420/status/2088044991860109739,🚨毎日リキッドを吸いたいならこのセットがセール中です。🫶  僕もついさっき注文しました！😎  @trip_Japan777  @mageJapan828282  @mageneko999  @tripJapan7676  @tripJapan999   https://mageneko.com  #cbd #crdb #crdp #cbg #h4cbd #h4cbh #hhbd #tha #tha
2087816628977480071,2026-08-13T08:20:48.000Z,ja,JapaChad,JapaChad,440,3,0,0,https://x.com/JapaChad/status/2087816628977480071,風呂上がりのCBGとレモン炭酸と夕陽と扇風機が俺を祝福する☺  ハーブぬき頑張ろう💪  てか なんだろ たまにはこのリキッドのシンプルだけどしっかり機能的な感じとてもいい☺  やっぱ重たかったかww これ以上は強くしないでおこうww  みんなマジで一撃で寝てるしなww  さて 久々に誰かのリキッド買って味わおうかな☺  気になるの多くてなぁ  CBX童貞なんよなぁ だが、、、 シンプルなものを吸っ
2095719269795520971,2026-09-04T03:43:05.000Z,ja,CHILLAXY_azabu1,CHILLAXY麻布店チラクシー,412,1,0,0,https://x.com/CHILLAXY_azabu1/status/2095719269795520971,今日は華金🌙✨  たまには家でゆっくり過ごす金曜日もアリ😆  リキッド🍯 ジョイント🌿 エディブル🍪で いつもよりゆったりした1日を楽しみましょう✨  #CBD #CBG #CBX #CRD #THAH #H4CBH #HHBD https://x.com/CHILLAXY_azabu1/status/2095719269795520971/photo/1
2095653635976053012,2026-09-03T23:22:16.000Z,ja,Land_attack,🌻⚫️🌻,3063,19,0,0,https://x.com/Land_attack/status/2095653635976053012,昨夜🌛  H4CBHやHHBDを いろいろ楽しみながら 試していたんだけど‼︎  💡  やっぱり新成分CBXも素晴らしいんだけど😀✨  その優しいCBX特有の色気も自然な体感で癒されるんだけど🌳💞  でもやっぱり本当にじっくり過去の成分を味わって見ると🍯  まだ新成分って響きありきに頼り切ってる部分も正直否めない印象でもあるのは確か☝️  最近は新商品の発表が早過ぎるというか？ 新商品ではないか！
2095500105839419697,2026-09-03T13:12:12.000Z,ja,dj_sasaking,ささきん,399,2,0,0,https://x.com/dj_sasaking/status/2095500105839419697,@teresan0124 私はビールと日本酒とリキッドがいつものパターンなんですが、高濃度CBXは見事に飛ばされました(笑)  お酒抜きでもコントロール難しいです💦  少しでも気を抜いたら吐くって感じでした😭
2095426640482639896,2026-09-03T08:20:16.000Z,ja,cannacanna88888,canna canna,364,7,3,0,https://x.com/cannacanna88888/status/2095426640482639896,BLISSは、ただ強くて重いだけのリキッドではない。  吸い始めはキャッチが早く、気分がパッと明るい方向へ。 音楽や会話がいつも以上に楽しくなり、自然と笑えてくるような、多幸感の強さが特徴です。  その中心にあるのが、素早く明るい立ち上がりを担うCBX55％。 そこへCRDB20％を重ねることで、頭まわりの存在感と深い没入感をプラス。  さらにCBG-CRDが意識の輪郭を残し、H4CBDが全体を滑
2095361413816693246,2026-09-03T04:01:05.000Z,ja,beHIGHnd_CBD38,beHIGHnd,7356,19,12,3,https://x.com/beHIGHnd_CBD38/status/2095361413816693246,"🉐大セールとH4【再販】開始のご案内🉐  只今よりCBXとCBX×H4CBH,H4CBH57％の大セールを開始致します🤗  🟢CBX 88%リキッド  🟣CBX×H4CBH リキッド  🔵H4CBH57％  ※今回は売り尽くしSALEですので、在庫がなくなり次第上記の商品は終了となります🐈‍⬛  ☑️H4CBH72%は新バッヂで入荷‼️‼️  今回は、大好評頂いていた前回分より更に品質が上がってお"
2096105834560548973,2026-09-05T05:19:09.000Z,ja,kemuriya0532,煙屋 SMOKE SHOP 名古屋新栄町店 ＆ CBDブランド by VAPE GARAGE,586,6,0,1,https://x.com/kemuriya0532/status/2096105834560548973,煙屋 名古屋オープン❣️ 🔥22時まで営業中🔥  💥CBX配合💥リキッド🍯在庫あります🔥 後から更にブーストがかかるので吸いすぎにはご注意ください⚠️ #名古屋　#CBD https://x.com/kemuriya0532/status/2096105834560548973/photo/1
2096059224875012353,2026-09-05T02:13:56.000Z,ja,CHILLAXY_azabu1,CHILLAXY麻布店チラクシー,295,1,1,0,https://x.com/CHILLAXY_azabu1/status/2096059224875012353,小雨で少し肌寒い土曜日☔️  今週は雨の日が続きそうなので、 休日は家でゆっくり過ごすのもアリ✨  そんな休日のお供にリキッド🍯 ジョイント🌿 在庫もまだありますので、雨が弱いうちにぜひ💨  #CBD #CBG  #CBX #CRD https://x.com/CHILLAXY_azabu1/status/2096059224875012353/photo/1
2096031956744237204,2026-09-05T00:25:35.000Z,ja,Th666Cluster,たいん隊長(本垢),837,9,5,0,https://x.com/Th666Cluster/status/2096031956744237204,【パピヨン•サイエンス】さんのTHAHリキッドのレビュー動画がYouTubeでアップ⤴️されました‼️ パピヨンさん❣️他にもあれば宜しくお願い致します✨✨✨ ユーザー様❗️もし良ければ参考に商品考えてみて下さい🍯💕 #YouTuber #HHBD #H4CBH #THAH #THA #CBD #CBG #CBN #CBX #CRDP #CRDB #テルペン #THC  @PapillonSci 
2095873214446702760,2026-09-04T13:54:48.000Z,ja,AltnoidsJapan,ᗩᒪᎢᑎᝪᓰᗪᔕᒍᗩᑭᗩᑎ,1140,5,2,0,https://x.com/AltnoidsJapan/status/2095873214446702760,🍊🥂 𝙇𝙞𝙜𝙝𝙩𝙃𝙞𝙜𝙝　𝙈𝙞𝙢𝙤𝙨𝙖 🥂🍊 ✦　𝙆𝙐𝙎𝙃　𝙅𝙋　✦ 🫧 CDT Mimosa ／ CBG 30% ／ CBX 15% 🫧  ━━━━━━━━━━━━━━━━  🎁 このカートはご厚意で提供していただきましたが、ここに書いてある感想はすべて自分のものです。  🛒 オンラインストアはこちら https://kush-jp.com/product/lighthigh/ref/3/?ca
2095867585116209208,2026-09-04T13:32:26.000Z,ja,ZmnQa7hkqP44934,元気玉、試してみた。,1485,9,2,1,https://x.com/ZmnQa7hkqP44934/status/2095867585116209208,最近高濃度多い！ってことで、今回は、僕の今一番のお気に入りリキッド『Tripjapan ナイト』でセッティングした後『極赤鬼』で追うとどうなるかを、耐性、コスパ面等の視点から検証しました！  #CBD ＃CBX ＃H4CBH @trip_Japan777 https://x.com/ZmnQa7hkqP44934/status/2095867585116209208/photo/1
2095820302718795798,2026-09-04T10:24:33.000Z,ja,Th666Cluster,たいん隊長(本垢),659,11,1,0,https://x.com/Th666Cluster/status/2095820302718795798,【CANNABINOID SHOP 1010s】さんのCBXリキッド１０%でも体感良いのにCBX４０％はマジ凄いと思う🍯💕 #CBD #CBG #CBX #テルペン  @1010sShop https://x.com/Th666Cluster/status/2095820302718795798/photo/1
2095811800029945895,2026-09-04T09:50:46.000Z,ja,HoneyDripLab,Honey Drip Lab【ハニドリ】,1677,13,6,0,https://x.com/HoneyDripLab/status/2095811800029945895,"【和-NAGOMI-】ハイブリッドリキッド🍯  H4CBH40% +HHBD5% +CBX10% H4CBD / CBG配合 Green Crack テルペン（CDT）使用🌿  ▶︎0.5ml ¥4,000  / 1.0ml ¥7,500  サティバとインディカの良いとこ取りをしました。 ハイブリッドな体感をしっかり感じながら 朝から夜まで、いつどんな時でも。 恋人や友人と笑顔で過ごしたり。 Gr"
2095772437032088036,2026-09-04T07:14:21.000Z,ja,AlecsEstudantil,にこちゃん,5715,44,9,0,https://x.com/AlecsEstudantil/status/2095772437032088036,CBX自体は粘土緩いので CBX 80%、CBX50%共に少量のH4CBDを配合して硬くしてます！！  CBXとテルペンで作るリキッドより深みも感じれます！  CDTテルペンも使用して配合バッチリですのでぜひ🙌
2096473265900519768,2026-09-06T05:39:11.000Z,ja,Land_attack,🌻⚫️🌻,2195,13,0,0,https://x.com/Land_attack/status/2096473265900519768,最近は高濃度リキッドや！ 低濃度リキッド🍯 自分の愛する中濃度リキッドや。 それぞれいろいろな濃度や商品が登場してるけど💡 先ずとりあえず一旦基本に立ち帰り整理してみると！ やけに濃度の問題が浮き彫りになっていると思う。 多分ユーザー様の目に止まるのは👀 CBXは50%基準を高濃度としての立ち位置での最高値として考えて💭 それ以上の濃度は危険水準としている。 自分も昔からこの界隈でいろいろな成分や
2096460864362844442,2026-09-06T04:49:55.000Z,ja,CHILLAXY_azabu1,CHILLAXY麻布店チラクシー,670,3,0,0,https://x.com/CHILLAXY_azabu1/status/2096460864362844442,雨続きの週末☔️  来週も雨の日が続きそうなので、 リキッド🍯 ジョイント🌿 エディブル🍪 今のうちに準備しておくのもおすすめです✨  ご来店の際は、足元に気をつけてお越しください🙌  #CBD #CBG #CRD #HHBD #H4CBH #THAH #CBX https://x.com/CHILLAXY_azabu1/status/2096460864362844442/photo/1
2096406176070312296,2026-09-06T01:12:36.000Z,ja,freshtokyo40080,fresh tokyo,4984,110,127,43,https://x.com/freshtokyo40080/status/2096406176070312296,🎁プレゼントキャンペーン開催🎁  H4CBH×CBXの横綱リキッドを5名さまにプレゼントします✨  【応募方法】 この投稿を ✅リポスト ✅リプライ のどちらか  【条件】 ✅楽天などのECサイトでレビュー投稿  📅応募期限：本日から1週間 📩当選者の方のみDMでご連絡します ※当選者の公表はありません https://x.com/freshtokyo40080/status/2096406176
2096214945407070432,2026-09-05T12:32:43.000Z,ja,christinak57,🌙 LizeS2hop🌙 | Chill lab,190,1,0,1,https://x.com/christinak57/status/2096214945407070432,@bitbullcoin そうだったのですね… このリキッドはCBXという名前です🍯
2096138518959628610,2026-09-05T07:29:01.000Z,ja,nillholedope02,にる,1050,9,5,0,https://x.com/nillholedope02/status/2096138518959628610,この度は @KO_official2026 さんより 　　　SPARKLE -SUNSHINE- サンプルいただきました‼️  KO産CBX配合ﾘｷｯﾄﾞは今回初❤️‍🔥  瞬間ﾍｯﾄﾞﾊｲからの見事なシフトチェンジで一日これ一本で大満足🔥🔥🔥  ぶち上がる準備出来てる??  @ccjlab 今回も本当ありがとう御座います🙇💥 https://x.com/nillholedope02/status
2085558091471565222,2026-08-07T02:46:11.000Z,ja,m_i_magazine,【まるいわ】（PR）カンナビノイドブログ,596,2,1,0,https://x.com/m_i_magazine/status/2085558091471565222,PR  売り切れ後、しばらく再入荷できない予定とのことです！  気になっている方はお早めに  ↑↑のレビューも参考にしてください    HHBD入りCBXリキッド「BOLT」商品ページ↓ https://kush-jp.com/product/bolt1ml/ref/8/?campaign=X
2085355466667000092,2026-08-06T13:21:01.000Z,ja,SMOKEKINGt2s,SMOKE KING33【公式】🇯🇵,577,6,0,0,https://x.com/SMOKEKINGt2s/status/2085355466667000092,CBX×H4CBDリキッドレビュー頂きました‼︎ありがとうございます😊  質のいいリキッドをお探しの方9980円で販売してるので是非購入してみて下さい🙇‍♂️  #cbdリキッド #CBX #合法リキッド #CBD #cbd #THA #リキッド
2085352927791820972,2026-08-06T13:10:56.000Z,ja,kairakukarami45,絡盛関快楽,1776,4,2,0,https://x.com/kairakukarami45/status/2085352927791820972,まだCBXリキッド全然あるけど 傑作の予感がするので購入しちゃうよん https://x.com/kairakukarami45/status/2085352927791820972/photo/1
2085279434140188703,2026-08-06T08:18:54.000Z,ja,SMOKEKINGt2s,SMOKE KING33【公式】🇯🇵,353,4,0,0,https://x.com/SMOKEKINGt2s/status/2085279434140188703,Chill Timeで@sushisyokununn 様からおすすめして頂いた曲聴いて見ました🎧 最高の一曲です♪  作業中や集中したい時に聴くおすすめの曲待ってます😏  #cbxリキッド #CBX #CBD #CRD #HHBD #CBG #cbd #CBDリキッド #H4CBH #合法で楽しむ時代へ #SMOKEKING #合法 #疲れた時 #レゲェ https://x.com/SMOKEKI
2085239266620461389,2026-08-06T05:39:17.000Z,ja,kairakukarami45,絡盛関快楽,1100,2,0,0,https://x.com/kairakukarami45/status/2085239266620461389,マジでこれだから非サイコアクティブ（CBD・CBG）で延ばすと◎  今年の6月まではNで延ばす事が出来たけど 今後はCBGリキッドで代用かな  俺は今後CBGリキッド×CBX低濃度で運用していくと思うからデバイス2台調達済  CBXの登場でエディブルはまぁええかって感じ  #CBX #CBG
2085187699187823002,2026-08-06T02:14:23.000Z,ja,AltnoidsJapan,ᗩᒪᎢᑎᝪᓰᗪᔕᒍᗩᑭᗩᑎ,3264,12,5,2,https://x.com/AltnoidsJapan/status/2085187699187823002,𝙳𝚞𝚊𝚕 𝙲𝚊𝚛𝚝 𝙴𝚡𝚙𝚎𝚛𝚒𝚖𝚎𝚗𝚝：𝙲𝙱𝚇 𝙲𝚘𝚛𝚎 𝙿𝚛𝚎𝚖𝚒𝚞𝚖 ＋ 𝙳𝚎𝚟𝚒𝚕 𝙲𝚘𝚛𝚎 𝚅𝚘𝚕𝚝𝚊𝚐𝚎（𝙶𝙼𝚂）– 𝙵𝚘𝚛 𝚂𝚌𝚒𝚎𝚗𝚌𝚎！🧪🔬 昨夜、ＧＭＳの全く違う２本のリキッドをデュアルカートで同時に吸ってみた。  製品： 🔗 𝙲𝙱𝚇 𝙲𝚘𝚛𝚎 𝙿𝚛𝚎𝚖𝚒𝚞𝚖 https://gmshop-420.myshopify.com/products/cbx-core-premium-
2085181789333803180,2026-08-06T01:50:54.000Z,ja,Land_attack,🌻⚫️🌻,327,3,0,0,https://x.com/Land_attack/status/2085181789333803180,@giboaikosama また感想書きます✍️  CBXとCBHってどこなく似てますが！  あえてCBH主体でCBXが影の立役者的なリキッドもまた感想します。  着弾報告までお待ち下さい♪♪
2085126968253767845,2026-08-05T22:13:03.000Z,ja,SMOKEKINGt2s,SMOKE KING33【公式】🇯🇵,788,8,2,0,https://x.com/SMOKEKINGt2s/status/2085126968253767845,"🎞️🍔『チル旅』パート2  映画を見に行ってから、ハンバーガー屋さんで、ジャンキーな食事をしてきました！ ぜひ見てください😊  おすすめの遊び方があったら言ってください‼︎ それも動画にしていこうと思うので、じゃんじゃんお待ちしております。  Amazon￥9,980    https://www.amazon.co.jp/gp/product/B0HBLWDMQ6/ref=cx_skuctr_s"
2085011102254223591,2026-08-05T14:32:39.000Z,ja,SMOKEKINGt2s,SMOKE KING33【公式】🇯🇵,383,7,0,0,https://x.com/SMOKEKINGt2s/status/2085011102254223591,🧸『大人気』CBXリキッド高濃度🧸 強体感◎サティバ◎ピンク◎  Amazonページ：9980円  https://www.amazon.co.jp/gp/product/B0HBLWDMQ6/ref=cx_skuctr_share?smid=A1HNLOE45F2SII  #cbxリキッド #CBX #CBD #CRD #HHBD #CBG #CBD #cbdリキッド #H4CBH #合法リキッ
2084976683090911521,2026-08-05T12:15:52.000Z,ja,Land_attack,🌻⚫️🌻,2242,14,1,1,https://x.com/Land_attack/status/2084976683090911521,📦🚛TENSUKE CBD様よりCBX LEMON CHERRY RUNTZリキッド着弾報告🚛📦  TENSTUKE CBD産のCBXはお初🌿 噂では❔ 作り手様が🤝 かなりの自信作らしく🍒🍋 感想は記載させて頂きます✍️ CBX歴代 第一弾：REGAL産⚔️🇯🇵 第二弾：trip産🕊️🇯🇵 第三弾：TENSTUKE産🏕️🇯🇵 第四弾：㊙️ またそのリキッドの性格を文字に変換させて頂きます✍️ ま
2084966398443532361,2026-08-05T11:35:00.000Z,ja,Pamela1919a,katsu,1433,8,2,1,https://x.com/Pamela1919a/status/2084966398443532361,@tsct420official TSCさんのリキッド、勝手に吸い比べレビュー🤩  CBX×H4CBHとHHBD×H4CBHのリキッドを購入してみました。 どちらも明確な違いがあり気分で使い分けようと思います😎 https://x.com/Pamela1919a/status/2084966398443532361/photo/1
2084863320587469011,2026-08-05T04:45:25.000Z,ja,nillholedope02,にる,9082,19,6,0,https://x.com/nillholedope02/status/2084863320587469011,@AlecsEstudantil さんよりいただきました🎁✅ CBX80% .CDTテルペンロイヤルランツ.  玄人も唸ると、かなり話題になってたにこちゃんさんのこのﾘｷｯﾄﾞ🍯  CBXのしっかりとしたハイブリッド感に 包まれながら、カタカナ4文字でござんした🙇🔥🔥🔥  ありがとうございました‼️‼️ https://x.com/nillholedope02/status/20848633205
2097066323293724735,2026-09-07T20:55:47.000Z,ja,weedyshop,Weedyshop,665,11,2,0,https://x.com/weedyshop/status/2097066323293724735,おはようございます☀ Weedyshopです🌿 台風が🌀意味不明な動きしててしんどい人も多いと思いますが無理ない程度にゆるくいきましょう💨お知らせです⭐️ →BGLのリキッド3種入荷します🪄2つは再入荷で当店定番の「H4CBD UPLIFT」🪄、めちゃ人気だった「CRDB PRO」🪄、新発売の『CBX PRO』🪄の3種です‼️CBX最高に明るいサティバのようです🤩またアラジンハーブ🌿も近々入荷予定
2096963271874207970,2026-09-07T14:06:18.000Z,ja,HoneyDripLab,Honey Drip Lab【ハニドリ】,729,10,6,0,https://x.com/HoneyDripLab/status/2096963271874207970,"【▼ NOVA galaxy 高濃度CBX リキッド】 CBX70％+ H4CBH10% H4CBD/CBG配合 Mango Kush テルペン使用🥭🌿  ▶︎0.5ml ¥4,500 / 1ml ¥8,000  体感重視の玄人向けの商品です。 サティバ設計・圧倒的な多幸感 ▼商品ページ https://x.gd/Zt5RI ▼Amazon https://x.gd/13qCc https://x"
2096959637878882400,2026-09-07T13:51:51.000Z,ja,Land_attack,🌻⚫️🌻,2133,14,4,1,https://x.com/Land_attack/status/2096959637878882400,📦🚛 trip Japan様よりOG  KUSHリキッド着弾報告🚛📦  CBXは🌿 強めの原料なので🍯⚡️🍯 濃度を落としながら製作してる業者様も最近は沢山いますね✨ 42%や50%楽しみましたが👍 CBX成分では初☝️ 一気に濃度が優しい⤵️ 初心者🔰 でも安心な😮‍💨 普段使い低濃度CBXの世界観をテーマにして発信します_φ(･_･ https://x.com/Land_attack/stat
2096915610194387033,2026-09-07T10:56:54.000Z,ja,rakiraki0042,R,212,1,1,1,https://x.com/rakiraki0042/status/2096915610194387033,@tsct420official CBXとH4CBHリキッド、かなり良く、ばちばちでした！ 僕もレビュー書かせてもらいます！
2096913812570157544,2026-09-07T10:49:46.000Z,ja,HighLifeat420,High Life 420 🌿,190,3,0,1,https://x.com/HighLifeat420/status/2096913812570157544,うん、実は耐性が高くてたくさん吸う人たちに特におすすめしていました。僕も毎日欠かさず吸っています。  今日も最近のほとんどの日と同じようにまずはTrip JapanのH4CBH 8%から始めました。これは本当に手頃な価格でH4への耐性を抑えやすいのでより強いH4リキッドも楽しみやすくなります。  午前中少し経ってからCBX 10%を吸いました。正直、最近はこれが僕の定番リキッドです。  午後にはこ
2096897436187046157,2026-09-07T09:44:41.000Z,ja,Japanese_Chill_,Japanese Chill,2049,9,1,0,https://x.com/Japanese_Chill_/status/2096897436187046157,"🚨📢再販のお知らせ📢🚨  前回8/8〔葉っぱの日〕記念で発売開始させていただき、""一日で即完売した""   ジャパチル唯一の #CBX リキッド  〜 Quick Hit 〜が本日より1ヶ月ぶりの再販🔥  https://japanesechill.shop"
2096835639228723258,2026-09-07T05:39:08.000Z,ja,Land_attack,🌻⚫️🌻,983,15,0,0,https://x.com/Land_attack/status/2096835639228723258,報告させて頂きましたが。  次回は時間をかけてCBX10%の世界を描いていく予定です🗓️  CBX40%や50%付近の濃度の声はいろいろポストさせて頂いたので📮  CBX10%濃度の軽めのリキッドなので、 軽めとは言ってもCBXなので侮れませんが。  CBX10%の日常使いの変化をまた 中濃度と比較しながら感想が行われますので‼️  よろしくお願いします🤲
2096833087720346012,2026-09-07T05:29:00.000Z,ja,Japanese_Chill_,Japanese Chill,2464,12,5,0,https://x.com/Japanese_Chill_/status/2096833087720346012,"【約1ヶ月ぶり、ついに再販🔥】  即効性×超サティバヘッドハイ  🍯#CBX リキッド『QUICK HIT』がさらに体感を上げて帰ってきた。  今回ロットは、正直かなり玄人向け⚡️ 前回で物足りなかった方にも試してほしい仕上がりです。  1ml｜¥11,500- 本日より販売開始‼️ https://x.com/Japanese_Chill_/status/2096833087720346012/"
2096682293893161048,2026-09-06T19:29:47.000Z,ja,Th666Cluster,たいん隊長(本垢),1234,11,1,1,https://x.com/Th666Cluster/status/2096682293893161048,そういえば夜用リキッドは試した事が無いから最近、興味津々🌙💤🍯💕笑  #CBX #H4CBH #CBD #CBG #テルペン  @108buriburi42 https://x.com/Th666Cluster/status/2096682293893161048/photo/1
2092668776441676138,2026-08-26T17:41:30.000Z,ja,kukuku_ta,カン To Review,1669,2,1,1,https://x.com/kukuku_ta/status/2092668776441676138,@christinak57  CBX35% CBH3%  普段使いで使用してみた感想です。低温が適切です。キック緩めなのが良い🙆リキッドは緩めです。 CBXの体感ををH4で伸ばす。そんなイメージ。皆んなにも試してほしい🍯  CBX Only     〜80分（眠気あり） Amnesia Haze    〜80分（眠気なし）　 　〜120分（眠気あり）
2092609648687976842,2026-08-26T13:46:33.000Z,ja,E_EG6_B16A,にゃ,562,2,0,0,https://x.com/E_EG6_B16A/status/2092609648687976842,CBXリキッドとか言う新種出て来たのか ビャンビャン鳴きそうなリキッドやな
2097322732543463467,2026-09-08T13:54:40.000Z,ja,Land_attack,🌻⚫️🌻,65,6,0,0,https://x.com/Land_attack/status/2097322732543463467,予告のCBX10%リキッド感想は_φ(･_･  しっかり耐性を抜いてから試すので！  それだけ10%の素晴らしさを感じる事が出来ると思いますので。  よろしくお願いします🤲
2097310982469267465,2026-09-08T13:07:59.000Z,ja,weedyshop,Weedyshop,117,1,2,0,https://x.com/weedyshop/status/2097310982469267465,🌟新製品入荷報告🌟 BGL社のCBX PRO🪄届きました‼️📦検品が全て終わり次第サイトにアップしたいと思います👍今しばらくお待ちください！☺️ 原料メーカーのCBX〜50%規定を守った安全な商品です‼️🫡 CBX50%に明るいヘッドハイ成分CRDB20%とHHBD-CRD配合でライブレジンのリッチ仕上げ🌿🤩めちゃ明るく効き目のしっかりした💯リキッドでした‼️これはかなり良いのでプレキャンも次期🎁
2097309083229688281,2026-09-08T13:00:26.000Z,ja,Land_attack,🌻⚫️🌻,131,4,1,0,https://x.com/Land_attack/status/2097309083229688281,自分が試したCBXリキッドご紹介🐝🍯  1️⃣Green Apple OG🍏 CBX42%🍯 @REGALdojo420   2️⃣幻界⛩️ CBX40% CRDB38%🍯 @trip_Japan777   3️⃣LEMON CHERRY RUNTZ🍋🍒🌿 CBX50%🍯 @tensuke_cbd   4️⃣NIGHT🌗 CBX10%🍯 次回予告🚨 @mageneko999 https://x.c
2097287902707474941,2026-09-08T11:36:16.000Z,ja,VERDANTJP,VERDANT,1637,24,5,8,https://x.com/VERDANTJP/status/2097287902707474941,【当選発表】 VERDANT CBXリキッド MANGO SHERBET 5名様  @OHJAZIXIIS34581 @Land_attack @o3_hu3 @xoxoaaw54221 @pokey292960  当選された方はDMにて送付先をお知らせください。 たくさんのご応募ありがとうございました🐺 https://x.com/VERDANTJP/status/209728790270747
2097229802575102319,2026-09-08T07:45:24.000Z,ja,aozra80,マザーアース癒し之志ん＝大宇宙＝ホーリーライト照ら志,96,0,0,0,https://x.com/aozra80/status/2097229802575102319,amazonでリキッドを買う時は1番売れてるのを買うに限るんよ。初CBX楽しみ。 https://x.com/aozra80/status/2097229802575102319/photo/1
2096556648965750811,2026-09-06T11:10:31.000Z,ja,Land_attack,🌻⚫️🌻,5825,37,1,2,https://x.com/Land_attack/status/2096556648965750811,いろいろ調べてみると👀  今回CBXの商品は一旦協議の結果。  一旦。  発売を中止して！ 見送る方針の業者様もいますが。  あれは確かCBXに違法成分が見つかったとかではなく☝️  50%の濃度でも具合が悪くなる人が続出したらしいけど。  そりゃ全くの初めての方がCBX50%を試せば体感あるから仕方ないにしても！  サイコ成分てCBXだけでもないし💡 濃度の数値だけで低濃度、高濃度で判断してしま
