tweet_id_hash,createdAt,week,lang,author_id,views,likes,reposts,replies,has_text,text_length
d3baaef62c50e644,2026-09-03T03:38:02.000Z,W5,ja,author_001,2393,12,1,1,yes,200
8d707a44fc0b376a,2026-09-02T23:58:29.000Z,W5,ja,author_002,753,2,1,0,yes,200
9dc3ca14569c1d8b,2026-09-02T22:28:30.000Z,W5,ja,author_003,1045,26,9,1,yes,198
95c6b2e63f633cc2,2026-09-02T04:20:21.000Z,W5,ja,author_004,393,0,0,0,yes,70
cc3028c5d8897214,2026-09-02T03:31:39.000Z,W5,ja,author_005,1024,7,2,0,yes,61
a4053322d41d7bb6,2026-09-02T03:28:54.000Z,W5,ja,author_005,3550,26,2,2,yes,122
5da66094ae3115fa,2026-09-01T23:08:51.000Z,W5,ja,author_003,4642,20,10,0,yes,200
c76bd0bc4306d0d8,2026-09-01T16:09:08.000Z,W5,ja,author_001,4940,48,17,8,yes,200
11872186ec5e4774,2026-09-01T11:03:52.000Z,W5,ja,author_006,17247,47,14,1,yes,175
2f1f8423b0434718,2026-09-01T08:53:16.000Z,W5,ja,author_007,859,5,1,1,yes,200
19f9d11b46d03480,2026-09-01T06:37:45.000Z,W5,ja,author_008,14620,74,11,2,yes,118
c54f8fc7d44ba8dc,2026-09-01T05:47:13.000Z,W5,ja,author_007,680,3,0,1,yes,200
c8e82118348eb60a,2026-09-01T03:58:13.000Z,W5,ja,author_003,868,22,5,0,yes,165
ed61e1dda7e56e0f,2026-08-31T08:30:51.000Z,unknown,ja,author_007,745,3,0,0,yes,200
97f1002b9791704c,2026-08-31T06:01:24.000Z,unknown,ja,author_009,649,1,0,0,yes,200
e3a8362f8e0bd300,2026-08-31T00:01:33.000Z,unknown,ja,author_002,878,13,7,0,yes,136
c598d252d9dc3142,2026-08-30T22:33:40.000Z,W4,ja,author_010,442,9,1,0,yes,200
4d07a6ab4df6b061,2026-08-30T12:09:34.000Z,W4,ja,author_007,619,2,1,0,yes,200
2d64199f8295b589,2026-08-30T07:40:17.000Z,W4,ja,author_011,4904,17,1,0,yes,200
a35acd703fea13b1,2026-08-30T04:37:30.000Z,W4,ja,author_012,417,8,2,0,yes,200
639461107152f6e8,2026-08-30T01:50:21.000Z,W4,ja,author_007,746,3,1,0,yes,200
041af2e177c1270e,2026-08-30T01:47:34.000Z,W4,ja,author_003,708,16,4,0,yes,170
81fdddff0a5daa27,2026-08-29T23:07:54.000Z,W4,ja,author_013,835,7,5,0,yes,200
3051d0556b945e8f,2026-08-29T11:58:11.000Z,W4,ja,author_001,1723,7,1,0,yes,200
5328d2ad067bcd13,2026-08-29T03:06:12.000Z,W4,ja,author_007,713,3,0,0,yes,164
643af7dcee61c733,2026-08-29T02:32:25.000Z,W4,ja,author_003,1708,25,6,1,yes,199
27985d8fabcaf632,2026-08-28T13:40:15.000Z,W4,ja,author_014,2542,11,4,2,yes,165
ee907ce1d3c80fa9,2026-08-28T09:45:09.000Z,W4,ja,author_015,645,11,4,2,yes,200
b36d6115132bfeac,2026-08-28T09:35:33.000Z,W4,ja,author_016,10622,46,2,0,yes,200
bb308fa295dbc505,2026-08-28T07:12:51.000Z,W4,ja,author_017,2716,18,5,1,yes,200
b5af282b9f535945,2026-08-27T10:53:43.000Z,W4,ja,author_018,1674,20,3,0,yes,200
9b2edbbcc70e0d14,2026-08-27T10:44:27.000Z,W4,ja,author_011,928,7,0,0,yes,195
323a5c1a34a41724,2026-08-27T06:01:40.000Z,W4,ja,author_009,507,4,0,0,yes,200
27c0f5020bdcac95,2026-08-27T04:59:50.000Z,W4,ja,author_007,990,7,2,2,yes,200
88d805c2c59899fb,2026-08-26T03:16:50.000Z,W4,ja,author_019,934,19,5,1,yes,200
1818baaa15031b7b,2026-08-25T09:03:45.000Z,W4,ja,author_009,913,5,0,0,yes,200
755eec9dfdb7850b,2026-08-24T12:11:40.000Z,W4,ja,author_001,2094,6,2,0,yes,200
d5877c37c8438a9c,2026-08-24T12:03:39.000Z,W4,ja,author_011,1139,4,1,1,yes,200
699866366f68f0d2,2026-08-24T11:08:00.000Z,W4,ja,author_013,5833,25,11,1,yes,200
96dbb5614e4b14fb,2026-08-24T10:44:34.000Z,W4,ja,author_007,1018,7,2,0,yes,200
323a635b8739f556,2026-08-24T05:37:43.000Z,W4,ja,author_011,1837,16,2,0,yes,200
4eb5be0fa15c9327,2026-08-24T05:27:24.000Z,W4,ja,author_020,1154,20,3,1,yes,200
dac6de0bbc23875d,2026-08-23T06:01:03.000Z,W3,ja,author_009,462,4,0,0,yes,200
f7ef0a813447f7f6,2026-08-23T05:45:12.000Z,W3,ja,author_011,963,8,0,0,yes,200
831b064d73e19376,2026-08-23T05:34:01.000Z,W3,ja,author_007,1732,5,1,0,yes,200
0eba58219196ca9f,2026-08-23T01:47:31.000Z,W3,ja,author_007,1953,7,2,0,yes,200
213aa4e4f519dbc0,2026-08-23T01:30:52.000Z,W3,ja,author_021,1121,4,3,2,yes,200
dc1735dad70378de,2026-08-22T19:02:58.000Z,W3,ja,author_022,1347,7,1,1,yes,120
fb5d0b64ae80db6b,2026-08-22T11:14:34.000Z,W3,ja,author_023,15171,15,4,0,yes,200
1a334cc10df7037d,2026-08-22T07:17:57.000Z,W3,ja,author_021,1439,7,1,0,yes,193
9022823347adbcd2,2026-08-22T06:29:44.000Z,W3,ja,author_024,1528,17,4,2,yes,200
0a186595329faaa5,2026-08-22T04:26:08.000Z,W3,ja,author_025,880,13,3,0,yes,140
d78e1e86bc1eeff7,2026-08-21T19:12:08.000Z,W3,ja,author_002,989,3,1,0,yes,147
2dac30c707b0e2eb,2026-08-21T12:46:36.000Z,W3,ja,author_002,837,9,4,1,yes,183
00749b43efeafe16,2026-08-21T12:38:27.000Z,W3,ja,author_002,1350,6,3,0,yes,200
73a43adc1d24e295,2026-08-21T11:44:16.000Z,W3,ja,author_026,275,4,1,1,yes,149
2464390937d4690f,2026-08-21T09:40:46.000Z,W3,ja,author_011,3043,15,2,0,yes,200
4d56b7caf5acffce,2026-08-21T06:09:58.000Z,W3,ja,author_009,474,4,0,0,yes,200
36739a9a7b44eac9,2026-08-21T05:54:54.000Z,W3,ja,author_021,911,4,2,1,yes,200
c1bde35af3ede724,2026-08-21T03:43:49.000Z,W3,ja,author_027,1374,8,2,0,yes,200
6ec104bc534cb66c,2026-08-21T01:06:23.000Z,W3,ja,author_021,1100,4,1,2,yes,200
65976a7baf758fbd,2026-08-21T00:35:02.000Z,W3,ja,author_025,5495,50,12,1,yes,200
8af86f38d9175bbe,2026-08-20T10:59:41.000Z,W3,ja,author_009,668,9,0,0,yes,200
dba1f8c8d08a7f08,2026-08-20T10:22:19.000Z,W3,ja,author_007,601,4,2,0,yes,200
42c454038be6a3c7,2026-08-20T06:01:38.000Z,W3,ja,author_009,509,6,1,0,yes,200
67142d1cb3fb1eda,2026-08-20T04:28:38.000Z,W3,ja,author_021,816,10,3,1,yes,200
04bd8de1f08abed9,2026-08-20T03:41:29.000Z,W3,ja,author_002,541,3,2,0,yes,34
333272fe28e6342b,2026-08-20T03:09:49.000Z,W3,ja,author_007,1128,4,2,0,yes,200
8731ab84372f41e5,2026-08-19T13:32:10.000Z,W3,ja,author_001,6193,15,7,0,yes,200
9d396b4136db47a3,2026-08-19T13:02:03.000Z,W3,ja,author_001,9435,16,4,1,yes,200
fffde64d24192479,2026-08-19T11:42:32.000Z,W3,ja,author_028,4488,50,2,0,yes,99
f4fb23624c274630,2026-08-19T11:09:39.000Z,W3,ja,author_029,617,7,1,1,yes,98
777b0273b0b9aed4,2026-08-19T11:00:01.000Z,W3,ja,author_030,1985,7,4,1,yes,200
ce7ff52c2353ca79,2026-08-19T08:52:06.000Z,W3,ja,author_021,762,7,3,1,yes,200
370bab3666836966,2026-08-19T05:50:57.000Z,W3,ja,author_031,338,3,0,0,yes,126
ed058f1938e61acb,2026-08-19T01:09:46.000Z,W3,ja,author_007,651,3,0,0,yes,200
620b15888a484675,2026-08-19T00:26:01.000Z,W3,ja,author_010,834,15,5,0,yes,200
82a5d29042395601,2026-08-18T15:50:37.000Z,W3,ja,author_032,725,8,4,0,yes,41
808317620022121f,2026-08-18T15:49:01.000Z,W3,ja,author_002,3196,22,6,0,yes,130
2b38eb22b08f7a73,2026-08-18T12:18:54.000Z,W3,ja,author_002,2268,7,2,0,yes,200
e18e05d13d88d7e7,2026-08-18T11:32:52.000Z,W3,ja,author_011,2209,18,0,0,yes,200
d9213f0d7c9a1e19,2026-08-18T09:06:23.000Z,W3,ja,author_033,249,2,0,0,yes,159
bc24a67fff3b9768,2026-08-18T08:58:31.000Z,W3,ja,author_034,3580,7,1,0,yes,121
1ba9a15f3d0bd331,2026-08-18T06:28:31.000Z,W3,ja,author_035,938,12,1,1,yes,200
62ee1bec36f35850,2026-08-18T05:48:26.000Z,W3,ja,author_011,3295,13,2,1,yes,200
1292c2e3aa532b7f,2026-08-18T03:45:17.000Z,W3,ja,author_011,2293,17,0,0,yes,200
304ba169a17ab28b,2026-08-17T23:35:22.000Z,W3,ja,author_002,1062,10,3,0,yes,185
3fb780ca186e2a0f,2026-08-17T03:40:07.000Z,W3,ja,author_007,295,3,1,0,yes,200
30aa057debd10069,2026-08-17T02:47:18.000Z,W3,ja,author_036,722,7,1,0,yes,200
5ab85d3546906f0d,2026-08-17T01:24:03.000Z,W3,ja,author_007,220,3,1,0,yes,200
92551ea5d745482e,2026-08-16T15:17:34.000Z,W2,ja,author_037,414,5,0,1,yes,140
0a292db44905c7e9,2026-08-16T12:15:25.000Z,W2,ja,author_007,638,2,1,0,yes,200
29b1c5a29f754079,2026-08-15T22:28:54.000Z,W2,ja,author_038,669,23,9,2,yes,200
8ce7bd303b72b271,2026-08-15T14:36:16.000Z,W2,ja,author_039,967,4,2,2,yes,107
d5ee5f61edda29d0,2026-08-15T12:18:47.000Z,W2,ja,author_007,292,3,2,0,yes,193
c9341e790ebc4e8f,2026-08-15T07:35:40.000Z,W2,ja,author_040,1415,13,1,2,yes,200
3e264d900717a78e,2026-08-15T06:54:21.000Z,W2,ja,author_041,467,2,0,0,yes,177
3dae038bda97ca3a,2026-08-15T02:49:12.000Z,W2,ja,author_002,707,2,1,0,yes,156
e15d0c8eaccd8fc0,2026-08-13T23:28:14.000Z,W2,ja,author_001,4001,11,4,1,yes,200
5b9b9fe8f15720c4,2026-08-13T08:20:48.000Z,W2,ja,author_042,440,3,0,0,yes,200
5534836cf6d6ba76,2026-09-04T03:43:05.000Z,W5,ja,author_007,412,1,0,0,yes,179
9641e297c55ee16f,2026-09-03T23:22:16.000Z,W5,ja,author_011,3063,19,0,0,yes,200
c55bf0482f9dfc0a,2026-09-03T13:12:12.000Z,W5,ja,author_015,399,2,0,0,yes,104
a866030cfe7d5c45,2026-09-03T08:20:16.000Z,W5,ja,author_010,364,7,3,0,yes,200
fa3f40632bb5561e,2026-09-03T04:01:05.000Z,W5,ja,author_006,7356,19,12,3,yes,200
dacc6ec4335e4ac5,2026-09-05T05:19:09.000Z,W5,ja,author_043,586,6,0,1,yes,147
ff8831483dfdafbb,2026-09-05T02:13:56.000Z,W5,ja,author_007,295,1,1,0,yes,181
334653dde3f9f929,2026-09-05T00:25:35.000Z,W5,ja,author_002,837,9,5,0,yes,200
b0d43f3fa198aef4,2026-09-04T13:54:48.000Z,W5,ja,author_044,1140,5,2,0,yes,200
d91e8a83170b6349,2026-09-04T13:32:26.000Z,W5,ja,author_045,1485,9,2,1,yes,192
93c437399f3bbf8e,2026-09-04T10:24:33.000Z,W5,ja,author_002,659,11,1,0,yes,156
59a7494141bfc8a8,2026-09-04T09:50:46.000Z,W5,ja,author_013,1677,13,6,0,yes,200
85ee16c2336b3c23,2026-09-04T07:14:21.000Z,W5,ja,author_008,5715,44,9,0,yes,105
0f00269ae0c2211e,2026-09-06T05:39:11.000Z,W5,ja,author_011,2195,13,0,0,yes,200
2e0514f2431a9ef6,2026-09-06T04:49:55.000Z,W5,ja,author_007,670,3,0,0,yes,196
11734b3f523c754f,2026-09-06T01:12:36.000Z,W5,ja,author_046,4984,110,127,43,yes,200
f578797a81a1b302,2026-09-05T12:32:43.000Z,W5,ja,author_047,190,1,0,1,yes,42
0ae8590cfb47f2da,2026-09-05T07:29:01.000Z,W5,ja,author_029,1050,9,5,0,yes,200
d92b2921b4027f1d,2026-08-07T02:46:11.000Z,W1,ja,author_048,596,2,1,0,yes,147
a222b9191466f52b,2026-08-06T13:21:01.000Z,W1,ja,author_018,577,6,0,0,yes,123
0d95beda50472439,2026-08-06T13:10:56.000Z,W1,ja,author_004,1776,4,2,0,yes,99
47b7695ee897cc74,2026-08-06T08:18:54.000Z,W1,ja,author_018,353,4,0,0,yes,200
89a09ee54bc84da5,2026-08-06T05:39:17.000Z,W1,ja,author_004,1100,2,0,0,yes,146
cbf81bc3065e5d13,2026-08-06T02:14:23.000Z,W1,ja,author_044,3264,12,5,2,yes,200
7aa8c5fa2925d62f,2026-08-06T01:50:54.000Z,W1,ja,author_011,327,3,0,0,yes,96
068ab2e8c5e19c7c,2026-08-05T22:13:03.000Z,W1,ja,author_018,788,8,2,0,yes,200
ec9b677ebbc99349,2026-08-05T14:32:39.000Z,W1,ja,author_018,383,7,0,0,yes,200
163bd61bea3ba78e,2026-08-05T12:15:52.000Z,W1,ja,author_011,2242,14,1,1,yes,200
d1e8acfd12315a60,2026-08-05T11:35:00.000Z,W1,ja,author_049,1433,8,2,1,yes,166
4caf4398f34de469,2026-08-05T04:45:25.000Z,W1,ja,author_029,9082,19,6,0,yes,200
b267e5f6f52e2b86,2026-09-07T20:55:47.000Z,W6,ja,author_050,665,11,2,0,yes,200
97415071384ff5ea,2026-09-07T14:06:18.000Z,W6,ja,author_013,729,10,6,0,yes,200
ce576761abec60b1,2026-09-07T13:51:51.000Z,W6,ja,author_011,2133,14,4,1,yes,200
b4d734951c72bafc,2026-09-07T10:56:54.000Z,W6,ja,author_051,212,1,1,1,yes,62
3f401b4e9d9e2f21,2026-09-07T10:49:46.000Z,W6,ja,author_001,190,3,0,1,yes,200
d6adc65d5007b6bc,2026-09-07T09:44:41.000Z,W6,ja,author_028,2049,9,1,0,yes,128
aeb6f9bb3f1bcfe7,2026-09-07T05:39:08.000Z,W6,ja,author_011,983,15,0,0,yes,179
21e472e93c659b12,2026-09-07T05:29:00.000Z,W6,ja,author_028,2464,12,5,0,yes,200
49cc9b257fb948a1,2026-09-06T19:29:47.000Z,W5,ja,author_002,1234,11,1,1,yes,140
2a6b377cb12a381f,2026-08-26T17:41:30.000Z,W4,ja,author_052,1669,2,1,1,yes,176
1663210c552751eb,2026-08-26T13:46:33.000Z,W4,ja,author_053,562,2,0,0,yes,37
09067f159f107bec,2026-09-08T13:54:40.000Z,W6,ja,author_011,65,6,0,0,yes,86
699038fc7873e2de,2026-09-08T13:07:59.000Z,W6,ja,author_050,117,1,2,0,yes,200
9496b7839411cef1,2026-09-08T13:00:26.000Z,W6,ja,author_011,131,4,1,0,yes,200
ae480ef4f75157b6,2026-09-08T11:36:16.000Z,W6,ja,author_054,1637,24,5,8,yes,200
5a77932d74e27897,2026-09-08T07:45:24.000Z,W6,ja,author_055,96,0,0,0,yes,97
528ac25864c514cf,2026-09-06T11:10:31.000Z,W5,ja,author_011,5825,37,1,2,yes,200
