"88H6oPZ_f50","【CANNABINOID1010ts】さんのCBX試してみた❣️笑 # CBD #CBX #cbgamer ","たいん隊長CBD研究所",181,"2 weeks ago"
"ZuYSZmANe78","【Japanese chill】さんの新作リキッド試してみた！ #CBX #HHBD #h4cbh  ","たいん隊長CBD研究所",378,"3 weeks ago"
"icXRoJAf2Gs","【CBX】話題の新成分を正直にレビューしてみた【新成分】","宅録ラッパー BST",21346,"13 days ago"
"WwBW1CebbB4","CBXリキッドでキマるっ♪【VTuber】","いのうえ倶楽部",10314,"1 month ago"
"blccw4w5lWE","「幻界」CBX高濃度🍯","仮面ライダーモコ",867,"3 weeks ago"
"VAp-VUjTnH4","[CBX] ""Melting like ice"" - First Review (Part 1)","CBDチャンネルWEEDMAN",61241,"2 weeks ago"
"HKF_mFyWZAk","50% CBX, Under $100: Sativa-leaning start, Hybrid finish | All-in-one liquid review","にま CBD ",3965,"1 month ago"
"Rgah2rFlBTo","[CBX Raw Material] Tried Vaping with PUFFCO: Sativa-Dominant Hybrid Euphoria, Uplifting Effects, ...","にま CBD ",5467,"2 months ago"
"lRauQLYsvJE","New Component CBX! Sativa or Indica? 【Canna Canna】 JAPAN’S LEGAL CANNABINOID SCENE","リーガルJP",1793,"1 month ago"
"6W2H_BDsVEU","[Super Sativa Experience] Trying KUSH JP's ""BOLT"" and Dinner with Mom | CBX x HHBD Review","にま CBD ",2492,"2 weeks ago"
"9c5MuqsWbeY","【smoking everyday】さんのTHAHをレビュー★ #CBD #THAH #CBX ","たいん隊長CBD研究所",313,"2 weeks ago"
"VOwKudGzZzs","実写で""合法大麻CBXリキッドをレビュー""してみた《smoke king 33》","合法草図鑑",1628,"1 month ago"
"neNBfCpNjQ4","謎の成分、CBX入りのジョイントを吸います♪【VTuber】","いのうえ倶楽部",4885,"2 months ago"
"oezNJ1d2vQY","現状最安値？のリキッドでキマるのか。【VTuber】","いのうえ倶楽部",4312,"2 weeks ago"
"p5h46pxe7kI","新型カンナビノイド「CBX」の正体！ベンゾクロメン骨格と他成分の違い","合法草図鑑",2179,"2 months ago"
"3JoVoI8NvfQ","CBXでキマりたい方へ。【VTuber】","いのうえ倶楽部",5263,"3 weeks ago"
"7ena3cAOKPo","[緊急] CBXとH4CBHについてガチで調べたが結構やばいかもしれないって話[ほぼ無編集]","クソアホバカ太郎",6326,"4 weeks ago"
"6WKhqzw6DC8","KUSH jpの新作Light High コスパもいいぞ🌊","合法草図鑑",396,"4 weeks ago"
"_T-sRDcug-0","【G/M】さんのカンナビノイド商品をレビューさせて頂きました♪ #CBX #cbd #h4cbh","たいん隊長CBD研究所",412,"1 month ago"
"PCQXBLJ3NnE","KUSH JP CBX出したってよ📸【ここが基準。悪徳業者に注意。】概要欄をチェック！","合法草図鑑",1122,"1 month ago"
"33985VwpLGc","【雑談動画】1010sShop/常連の為だけに製作したCBX製品ゲットォ！！","合法草図鑑",220,"3 weeks ago"
"92EeBrLm2vU","CBXは危険？【VTuber】","いのうえ倶楽部",5592,"2 weeks ago"
"WgplBYZE1qU","Part 2: [CBX] 8-Hour Test – How long does it last? I couldn't fight the sleepiness","CBDチャンネルWEEDMAN",22413,"2 weeks ago"
"ZunzNdKgnMg","【TENSUKE CBD】さんの商品レビューとお店紹介 #cbx #cbd #h4cbh","たいん隊長CBD研究所",226,"3 weeks ago"
